,X,file_name,speaker_title,speaker_title_clean,ai_paragraph,Marketing Knowledge,Cusomter Experience,Product,Place,Marketing Operation,Price,Promotion,Other
120526,120526,2023-Aug-02-PYPL.OQ-137834938041-transcript.txt,"Daniel H. Schulman,  PayPal Holdings, Inc. - Former Director    [3]", Former Director,"Our goal is to continually close the gap in our log-in and checkout experiences every quarter, and to be equal to or better than any competitor within the next year. We simultaneously aim to drive differentiated wallet experiences across both PayPal and Venmo. We believe that only those companies with unique and scaled data sets will be able to fully utilize the power of AI to drive actionable insights and differentiated value propositions for their customers.  ",1,1,0,0,0,0,0,0
79683,79683,2020-Jul-28-EBAY.OQ-140441509486-transcript.txt,"Jamie Iannone,  eBay Inc. - CEO, President & Director    [10]"," CEO, President & Director","          Yes. So on the first one, Doug, on the technology side, you're absolutely right, a huge focus for us. So first off, we have a really great world-class technology team and a lot of different geographies in the business. But we are focusing on augmenting that with even new capabilities. So we're building up our capabilities in AI and data science and computer vision. You may have seen features like easy image enhancing for our sellers. All that's coming out of kind of a next-gen technology group that we've been building out. But it's a key focus for us because in the tech-led reimagination, this company has been and always will be about how to create those game-changing technologies.",0,0,0,0,1,0,0,0
118202,118202,2022-Sep-06-COUP.OQ^C23-140646629444-transcript.txt,"Robert Bernshteyn,  Coupa Software Incorporated - Chairman of the Board & CEO    [3]", Chairman of the Board & CEO,"The resulting data from this spend is what fuels the third wave of our winning strategy, amplifying community value. As you may recall, community.ai can be broken into 3 areas: the pooling of customer spend, such as with Coupa Advantage; the pooling of brainpower and collaboration amongst community members; and the pooling of data through AI and machine learning, the intelligence component. ",1,0,0,0,0,0,0,0
93393,93393,2021-Jan-27-NOW.N-138500707418-transcript.txt,"William R. McDermott,  ServiceNow, Inc. - President, CEO & Director    [15]"," President, CEO & Director","But what you're looking at is the remote IT services requests growing exponentially, and many of the IT organizations out there are looking for ways to deflect lower-tier cases. So by leveraging Chatbox and streamlining processes, part of the AI capabilities are embedded in our Pro SKU. So that's one aspect of it. ",0,0,1,0,0,0,0,0
68424,68424,2019-May-02-MCHX.OQ-139220066266-transcript.txt,"Michael A. Arends,  Marchex, Inc. - CFO & Member of the Office of the CEO    [3]", CFO & Member of the Office of the CEO,"Another recent example of our progress with innovation is Marchex Sales Rescue, a new AI call monitoring, scoring and engagement solution.",0,0,1,0,0,0,0,0
142430,142430,2023-Oct-25-HSII.OQ-138679120464-transcript.txt,"Krishnan Rajagopalan,  Heidrick & Struggles International, Inc. - President, CEO & Director    [23]"," President, CEO & Director","And the third leg to our AI is all of our business processes that we've got that enable us to run more efficiently, and we're looking at all different approaches over there from simply data and analytics and taking that to the next level with gen AI. We've already kind of established a pretty good platform on technology for search, but now how can we leverage that even further, how can we combine our databases using AI to leverage information people are gathering on individuals and bring that to one spot in a far easier way. So there's all kinds of technology that's out there. ",1,0,0,0,0,0,0,0
122390,122390,2023-Aug-08-DDOG.OQ-137330510677-transcript.txt,"Olivier Pomel,  Datadog, Inc. - Co-Founder, CEO & Director    [22]"," Co-Founder, CEO & Director","In terms of hiring, I think we're still growing the company, and we're still investing. What we've done is we have moderated the rate of growth to align on the -- on what we've seen in the market. But we still consider we are very, very early in terms of the -- or our product journey. We still have a lot to build in observability. We have a lot to build in security. We have a lot to build and develop our workflows and developer experience. We have a lot to build in ITSM. There's many, many new use cases we're going after, including AI. And so we're not going to stop hiring and we're not going to stop innovating there. ",0,0,1,0,0,0,0,0
89215,89215,2021-Aug-05-INOD.OQ-140322305246-transcript.txt,"Jack S. Abuhoff,  Innodata Inc. - President, CEO & Director    [3]"," President, CEO & Director","Sure, Tim. Happy to take that question. So I think the first thing that's important to recognize and really can't be overstated is you build AI applications with data just like you build conventional applications with programmers. And that being the case, virtually any company that is looking to embrace AI and harness AI in its operations or to harness AI to deliver new experiences for its customers, has to contend with data. And data is problematic, and data is difficult to work with. We've been working with data for many, many years. We're a leading data engineering company. ",1,1,0,0,0,0,0,0
143463,143463,2023-Oct-31-LUMN.N-140747110051-transcript.txt,"Kathleen E. Johnson,  Lumen Technologies, Inc. - President, CEO & Director    [3]"," President, CEO & Director","Our NaaS product road map is industry-defining. So we'll be adding -- soon, we'll be adding API capability to allow customers to activate NaaS in their own business applications, then we'll layer in security with DDoS, and then we'll offer dynamic bandwidth capability for ultimate usage flexibility. Now together with our Edge Fabric and ExaSwitch, Lumen NaaS is setting the table for a new market category for the modern communication infrastructure platform, one that optimizes application performance across hybrid architectures of on-prem, at the edge and multi-cloud, and one that makes room for rapidly changing network needs as Gen AI becomes mainstream. We are cloudifying telecom. It's going to be disruptive to the industry, and we are playing to win.",0,1,1,0,0,0,0,0
88126,88126,2021-Apr-29-NOC.N-137050497704-transcript.txt,"Kathy J. Warden,  Northrop Grumman Corporation - Chairman, CEO & President    [35]"," Chairman, CEO & President","It has elements of communications and connectivity, which is an investment area, an area of technical excellence for our company. It has elements of computing and the advancement that's needed to process large amounts of data. It has advancements in artificial intelligence. And these are all areas that our company continues to invest in and have leadership positions in.",1,0,0,0,0,0,0,0
156814,156814,2024-Jul-22-CDNS.OQ-137365469825-transcript.txt,"Anirudh Devgan,  Cadence Design Systems Inc - President, Chief Executive Officer, Director    [3]"," President, Chief Executive Officer, Director","Our digital IC and custom businesses delivered another solid quarter. Proliferation of our digital full flow at the most advanced nodes continued, with close to 40 full flow wins over the last 12 months, especially at hyperscalers. With over 400 tapeouts, customers are increasingly relying on Cadence Cerebrus, the leading AI tool in the industry, as it continues to deliver amazing PPA and productivity benefits.",0,0,1,0,0,0,0,0
131798,131798,2023-Mar-08-OPRX.OQ-140943535406-transcript.txt,"William J. Febbo,  OptimizeRx Corporation - CEO & Director    [61]", CEO & Director,"That said, we truly believe that we have the right platform in place to deliver on the promise of improved outcomes, utilizing our solutions, in particular, RWD-AI. Moreover, our robust portfolio of omnichannel services are expanding outside of the EHR, and we continue to improve patient outcomes while driving our strong ROIs for our customers. We've also built the team and a culture as a company, which gives us a distinct competitive advantage as we focus on our clients, partners and investors.",0,0,1,0,0,0,0,0
118228,118228,2022-Sep-07-INTA.OQ-139378472925-transcript.txt,"John T. Hall,  Intapp, Inc. - Chairman & CEO    [3]", Chairman & CEO,"Alternative real estate investor Kayne Anderson, with $9 billion under management, selected DealCloud to replace a competing CRM. They told us that the increased efficiency between deal cloud and their former solution is night and day. In another example, we launched a new relationship intelligence capability across the Intapp platform. Relationship intelligence uses Intapp's applied AI technology to answer the key question, what is our firm's best way to get into this prospect firm and to navigate to this key person.",0,1,1,0,0,0,0,0
149118,149118,2024-Aug-08-NOTE.N-137000329367-transcript.txt,"Timothy Hwang,  FiscalNote Inc - Chairman of the Board, Chief Executive Officer, Co-Founder    [3]"," Chairman of the Board, Chief Executive Officer, Co-Founder","I believe that the new AI-driven feature will mean that the old ways of analyzing legislative, regulatory and geopolitical risk will become obsolete and will drive enormous opportunities for FiscalNote. As I said on our first quarter call in May, and I'll say it again, as we move through 2024, we view it as the first step in a multiyear journey to earning our place in history books and become the dominant player in our industry.",1,0,1,0,0,0,0,0
97557,97557,2021-May-10-CEVA.OQ-136974282680-transcript.txt,"Gideon Wertheizer,  CEVA, Inc. - CEO & Director    [3]", CEO & Director,"BlueBud is a self-contained platform enabled by our high runner CEVA-BX1 DSP and incorporates all the software framework and hardware peripherals required for a wireless audio system. BlueBud also offers optional value add SDKs including our WhisPro AI based voice recognition software, ClearVox, our echo cancelation and noise suppression software, and MotionEngine Hear, for IMU based user control. I am pleased to share that we have already signed up a high-volume lead customer for BlueBud at the beginning of the second quarter and are expecting more deals to follow as the product is released to the wider market. ",0,0,1,0,0,0,0,0
159148,159148,2024-Jun-06-CIEN.N-140826883988-transcript.txt,"James Moylan,  Ciena Corp - Chief Financial Officer, Senior Vice President    [4]"," Chief Financial Officer, Senior Vice President","In summary, we feel great about our business today and the continued execution of our long term strategy. We have the world's leading optical technology to underpin our growth from a portfolio perspective. We have strong and expanding relationships with both service providers and cloud providers. That combination positions us incredibly well to help our customers address the rise in global data generation and AI driven bandwidth demand that is accelerating traffic growth across their networks.",0,0,0,1,0,0,0,1
161380,161380,2024-May-01-ALKT.OQ-141192405225-transcript.txt,"Alex Shootman,  Alkami Technology Inc - Chief Executive Officer, Director    [3]"," Chief Executive Officer, Director","Customer insights and targeted offers consistently rank among the top digital banking AI use cases being activated in regional and community financial institutions today. This makes sense, given our research shows 44% of all digital banking users and 55% of millennials wish their financial provider offered a more personalized digital banking experience with half saying they're comfortable with their data being processed by AI, if it gave them a better banking experience.",1,1,0,0,0,0,0,0
111571,111571,2022-Mar-22-ADBE.OQ-136992078452-transcript.txt,"Anil S. Chakravarthy,  Adobe Inc. - President of Digital Experience Business    [5]", President of Digital Experience Business,"Our Adobe Experience Cloud applications span the entire customer funnel, from acquisition to monetization to retention, across content and commerce, customer journeys, data insights and audiences and marketing workflow. We have made the dramatic transformation to deliver AI-driven services with over 80% of Experience Cloud customers now using Adobe Sensei, our industry-leading AI and ML framework to power experiences for their customers.",0,1,1,0,0,0,0,0
44630,44630,2017-Nov-08-PEGA.OQ-141114919593-transcript.txt,"Alan Trefler,  Pegasystems, Inc. - Founder, Chairman & CEO    [3]"," Founder, Chairman & CEO","So these successes are based on key differentiators, which are meaningful, not easy to copy and go far beyond marketing hype. I think fundamental to them are 3. First, real-time AI for customer engagement. We continue to make advancements that enhance our real-time artificial intelligence offerings for clients. We announced, for example, the partnership with Accenture to offer Intelligent Customer Decisioning as a Service to improve customer engagement and marketing for communication services providers. This new AI offers and leverages Pega's Customer Decision Hub, the only battle-tested platform on the market.",0,1,1,0,0,0,0,0
92531,92531,2021-Feb-24-MAXR.N^E23-141099536101-transcript.txt,"Daniel L. Jablonsky,  Maxar Technologies Inc. - President, CEO & Director    [3]"," President, CEO & Director","Can you please turn to Slide 5. As we shift into the new year, our priorities will look pretty familiar to most of you. Our top priority is to win and earth intelligence and position the segment for sustained growth moving forward. This means we'll be focused on launching the Legion Constellation, successfully competing for the next iteration of the EnhancedView program and continuing to make investments in 3D, artificial intelligence and machine learning, our platforms, products and capabilities that accelerate sensor to decision time lines. ",0,0,0,0,0,0,0,1
159691,159691,2024-Mar-04-GTLB.OQ-139678631590-transcript.txt,"Sytse Sijbrandij,  GitLab Inc. - Co-Founder, Chairman, President & CEO    [2]"," Co-Founder, Chairman, President & CEO","GitLab Duo Pro now also includes organizational controls that help companies adopt AI responsibly, and we are now selling GitLab Duo Pro for $19 per user per month. We recently launched the GitLab AI Transparency Center to enable our customers to confidently harness the potential of AI with GitLab. The AI Transparency Center documents how we built GitLab Duo Pro to accommodate the right model for the right use cases. It also demonstrates our commitment to transparency and protection of customer data and intellectual property. ",0,0,1,0,0,0,0,0
88335,88335,2021-Aug-02-DSPG.OQ^L21-138417223214-transcript.txt,"Tali Chen,  DSP Group, Inc. - Corporate VP & Chief Business Officer    [4]", Corporate VP & Chief Business Officer,"This increase underscores what we see as a market shift in consumer preference in favor of voice-based interfaces. DSP Group is playing a key role in addressing these needs with our SmartVoice portfolio and our edge AI sort of algorithms, which, together, are powering a broad array of applications and products, allowing greater flexibility, accuracy and reliability. ",0,0,1,0,0,0,0,0
71160,71160,2019-Nov-07-LPSN.OQ-140780492455-transcript.txt,"Robert P. LoCascio,  LivePerson, Inc. - Founder, Chairman & CEO    [3]"," Founder, Chairman & CEO","Second theme is around our position of industry leadership. We've long-held that LivePerson has established at least 12-month to 18-month competitive lead center around a unique vision platform and value proposition. With the recent product introductions and our advancements in AI-powered conversation, we continue to maintain our unique competitive position.",0,0,1,0,0,0,0,0
59833,59833,2018-Sep-05-ZS.OQ-138738314498-transcript.txt,"Jay Chaudhry,  Zscaler, Inc. - Chairman & CEO    [3]", Chairman & CEO,"Two weeks ago, we announced the acquisition of market-leading artificial intelligence and machine learning technology and the development team of stealth-mode security start-up, TrustPath. TrustPath developed AI algorithms to identify new threats and provide deep visibility, resulting in enhanced security efficacy. These innovations will be incorporated into our extensible cloud platform and derive intelligence from 50 billion transactions we process daily to identify enormous traffic, build user behavior profiles, and detect sophisticated targeted attacks as they emerge.",0,1,1,0,0,0,0,0
90435,90435,2021-Aug-16-WGS.OQ-138197447403-transcript.txt,"Eric Schadt,  Sema4 Holdings Corp. - Founder & CEO    [3]", Founder & CEO,"This vision became my and the Company's main mission. And today we are powered by more than 1,000 professionals focused on advancing the use of big data advanced artificial intelligence developments in machine learning and probabilistic causal reasoning to deliver better patient outcomes and transform the practice of medicine.",1,1,1,0,0,0,0,0
91125,91125,2021-Feb-02-MNDT.OQ^I22-140140007758-transcript.txt,"Kevin R. Mandia,  FireEye, Inc. - CEO & Director    [3]", CEO & Director,"Entering 2021, organizations are facing an ever-increasing barrage of cyberattacks that threaten our operations every day. Our position on the front lines of security and the quality of our intelligence represent a sustainable advantage for FireEye. We are leveraging this advantage in our security control products to deliver best-of-breed protection. But we are focused on going beyond our controls technology and addressing the challenges of today's security operations by providing the Mandiant Advantage platform: first, to make it easy to operationalize our threat intelligence; second, to enable alert triage at machine speed through AI and machine learning technologies, so 100% of alerts are processed and high-risk indicators are prioritized for human analysis; third, to empower customers to measure, manage and communicate their security effectiveness and proactively test their resilience against the latest attacks; and lastly, to scale our expertise through technology, making it available on demand as a managed service or through professional services engagements, depending on our customers' needs. ",0,0,1,0,0,0,0,0
81005,81005,2020-Mar-10-CLDR.N^J21-140338115234-transcript.txt,"Robert G. Bearden,  Cloudera, Inc. - President, CEO & Director    [25]"," President, CEO & Director","And so I'll pick up on Arun's comments. It's not about any one tier, meaning private or public, it's about actually managing the entire life cycle of that data and being the platform that manages that entire life cycle of data for a hybrid multi-cloud environment. So that means that it is imperative that you do on-prem, private, public, all the way to the Edge and then be able to deliver the experiences through that platform for AI, machine learning, data engineering, streaming and data warehousing simultaneously across any tier and most importantly, and the criticality in this is to be able to have a common security and governance environment across that entire life cycle for any tier consistently, predictably. And that's what SDX delivers through one pane of glass. And so that is a very different approach than being able to just deliver a point SaaS service for a line of business, right? But that's truly where we get the maximum amount of data under value -- under management and deliver the maximum amount of value back to our customers.",0,0,0,1,0,0,0,0
162959,162959,2024-May-07-ALAB.OQ-137380035677-transcript.txt,"Jitendra Mohan,  Astera Labs Inc - Chief Executive Officer, Director    [3]"," Chief Executive Officer, Director","We are working alongside our customers to ensure these complex and different architectures achieve maximum performance and operate reliably even as data rates continue to double. As the systems continue to move data faster and growing complexity, we expect to see our average dollar content per AI platform increase and even more so with the new products we have in development.",0,0,0,1,0,0,0,0
71944,71944,2019-Nov-25-AMBA.OQ-137517782819-transcript.txt,"Fermi Wang,  Ambarella, Inc. - Co-Founder, President, CEO & Executive Chairman    [47]"," Co-Founder, President, CEO & Executive Chairman","          I think it's just consumer. I think our current customer list, if you go through that, you can see we have very strong customers in consumer IP security camera space, basically for home monitoring. And I believe that the trend will continue, and the AI trend will continue there, and most of them are having RFQs out there for the AI-based camera requirement for the second half of next year.",0,0,1,0,0,0,0,0
122069,122069,2023-Aug-07-RDVT.OQ-138853106073-transcript.txt,"Derek Dubner,  Red Violet, Inc. - Chairman & CEO    [3]", Chairman & CEO,"With our AI ML platform and high confidence data, we believe we have an extraordinary opportunity in front of us to build a number of AI applications, including generative AI to layer over our platform, which will not only materially enhance our platform capabilities, but also enable various industries to intelligently interact with and run analytics across our high confidence data to inform their business processes and decision-making. Given the opportunity at hand, we will take a measured approach and increase our investment in AI. And as time passes and the opportunities become more defined, we will be able to better quantify the plans around the size and the impact of this investment. ",1,1,1,0,0,0,0,0
158165,158165,2024-Jul-30-MSFT.OQ-141078020593-transcript.txt,"Satya Nadella,  Microsoft Corp - Chairman of the Board, Chief Executive Officer    [3]"," Chairman of the Board, Chief Executive Officer","We added new AI accelerators from AMD and NVIDIA as well as our own first-party silicon Azure Maia, and we introduced new Cobalt 100, which provides best-in-class performance for customers like Elastic, MongoDB, Siemens, Snowflake, and Teradata.",0,0,1,0,0,0,0,0
87439,87439,2021-Apr-22-SNAP.N-138624548904-transcript.txt,"Ross Adam Sandler,  Barclays Bank PLC, Research Division - MD of Americas Equity Research & Senior Internet Analyst    [14]", MD of Americas Equity Research & Senior Internet Analyst,And then you recently acquired Fit Analytics and Ariel AI. How do those 2 acquisitions fit into the strategy?,0,0,0,0,0,0,0,1
42915,42915,2017-May-10-PEGA.OQ-137493563836-transcript.txt,"Alan Trefler,  Pegasystems, Inc. - Founder, Chairman and CEO    [3]"," Founder, Chairman and CEO","Now because our software actually watches how it's running and how users interact with it and recommends based on observations, best practices and analysis, how to change, improve and optimize, this is miles and miles beyond what can really be done by others. The path we think -- the path -- Customer Decision Hub is far and away the best AI platform in the market, and we've continued to extend that leadership by introducing a number of new products that take advantage of its robust AI capabilities so far this year. ",0,1,1,0,0,0,0,0
92396,92396,2021-Feb-23-PEN.N-139657220020-transcript.txt,"Adam Elsesser,  Penumbra, Inc. - Co-Founder, Chairman, President & CEO    [3]"," Co-Founder, Chairman, President & CEO","In addition, we announced our partnership with RapidAI to bring their cutting-edge artificial intelligence platform from stroke to PE. From early conversations with pulmonary embolism response teams, also known as PER teams at hospitals, there is a lot of interest and need to streamline the communication flow and decision-making in PE cases to help more patients and help them faster. Lightning 12 is just scratching the surface in venous and pulmonary thrombectomy, even though adoption and physician feedback since its third quarter launch has been extraordinary. ",1,0,1,0,0,0,0,0
130767,130767,2023-Jun-08-BRZE.OQ-138525671759-transcript.txt,"William Magnuson,  Braze, Inc. - Co-Founder, Chairman & CEO    [12]"," Co-Founder, Chairman & CEO","And so as we continue to capture more of those, I think we see more scale. There's more of a center of gravity coming in because the data flow is all in that one place. People get comfortable turning more moments of their brand promise, their product journey, their -- whether maybe it's their data governance or the way the data moves through their organization and gets analyzed, the ways that they optimize the data insights with AI and ML investments over time. Those are all new personas that are coming in and ultimately moving those workloads to be executed by our stream processor and defined by the Canvas engine, and that just creates tremendous potential and optionality for us in the future.",0,0,0,1,0,0,0,0
83633,83633,2020-Nov-02-ANET.N-140288216610-transcript.txt,"Jayshree V. Ullal,  Arista Networks, Inc. - President, CEO & Director    [5]"," President, CEO & Director","Our core universal cloud network design for data center continues to expand with Arista as the pioneer. We have been the market leader, driving to the #1 position in the 100 gigabit ethernet switching market and early leadership in 400-gig with flexible software partnerships for SONiC open [cloud network] and FBOSS with our cloud titan customers. We have been pushing the envelope of storage, compute and AI clusters at cloud scale. This quarter, we delivered our vision managed in a time series state-driven database as a network-wide service hosted in the cloud. Clearly, we're enabling cloud principles across the entire enterprise, with 5 As of agility, availability, automation, analytics and an AI- and API-driven network. ",0,0,1,0,0,0,0,0
160064,160064,2024-Mar-07-IOT.N-138389467583-transcript.txt,"Sanjit Biswas,  Samsara Inc. - Co-Founder, CEO & Chairman    [2]"," Co-Founder, CEO & Chairman","Samsara's Connected Operations Cloud is powered by a flywheel of data from our customers' growing digitization efforts. This enables AI-driven insights to help our customers operate more safely, efficiently, and sustainably. We've been investing in our cloud, which continues to grow and become more sophisticated. Over the last fiscal year, our cloud processed more than 9 trillion data points and 75 billion API calls, digitized more than 230 million workflows across our platform and recorded more than 60 billion miles driven. Our partner ecosystem, Samsara's App Marketplace has also grown to include more than 270 integrations with third-party systems. ",0,1,1,0,0,0,0,0
76386,76386,2020-Aug-26-PLAN.N^F22-137673935067-transcript.txt,"Frank A. Calderoni,  Anaplan, Inc. - Chairman, President & CEO    [3]"," Chairman, President & CEO","In a few weeks, we will be hosting our annual user conference, Connected Planning Xperience, virtually. We will announce some new product expansion related to predictive AI and intelligence techniques, extending and building on the strength of our Connected Planning platform. We look forward to sharing the details at CPX.",0,0,1,0,0,0,0,0
104807,104807,2022-Aug-05-NTRP.OQ-138653416304-transcript.txt,"Jacob Brunsberg,  Sigma Labs, Inc. - CEO, President & Director    [3]"," CEO, President & Director","As part of this work, we are preparing to announce new products that will combine streaming machine health data from major OEMs and off-access camera data, image and thermal and on-access melt pool technology to provide a centralized home for the industry in process quality solutions. We believe that these new products and with the guidance of our product counsel, OEMs and software partners, Sigma Additive Solutions will be at the center of quality and connection to any point solution for quality and in the marketplace. We believe the connected and open data we are creating will allow users to simplify their quality operations, identify gross defects, utilize machine learning and AI platforms and drastically improve total cost of development and production. ",0,0,0,1,0,0,0,0
72182,72182,2019-Oct-22-FITB.OQ-140910981908-transcript.txt,"Gregory D. Carmichael,  Fifth Third Bancorp - Chairman, President & CEO    [50]"," Chairman, President & CEO","If you go back in 2007, just look at our central operations, and you look at 2007 to 2019, we grew that expense base 1% over that 12-year period of time. And we're $30 million bigger in assets, and this will be more in transactions. We focus a lot of our technology investments in operational efficiencies, back-office capabilities, artificial intelligence capabilities to better serve our clients. We're getting paid well for those type of investments. ",0,1,0,0,0,0,0,0
102482,102482,2021-Sep-09-CXM.N-140997226583-transcript.txt,"Ragy Thomas,  Sprinklr, Inc. - Founder, Chairman & CEO    [3]"," Founder, Chairman & CEO","As you can see, bringing a modern mindset to a traditional capability like voice and putting it alongside the modern digital channels that consumers now use more is a powerful differentiator for us, and it's an area we'll continue to invest in. To that end, we have just completed the acquisition of a small company called [VoiceN], an AI-powered voice-to-text analytics and workforce optimization platform. And we've brought on its remarkable engineering team with the domain expertise in voice-to-text and contact center AI as we continue to double down and build out our capabilities. ",0,1,1,0,0,0,0,0
69678,69678,2019-May-09-SYNA.OQ-139935154178-transcript.txt,"Saleel Awsare,  Synaptics Incorporated - Senior VP and GM of IoT Division, Corporate Marketing & IR    [2]"," Senior VP and GM of IoT Division, Corporate Marketing & IR","We are the leading solutions provider for intelligence at the edge, and we expect to capitalize and extend this lead. Smart Edge requires innovative technologies and integrated platforms that support the full range of consumer needs. Synaptics is building on its legacy as the leader in human interface technology to deliver a broad range of differentiated integrated solutions that encapsulate voice and audio, video and display, AI, as well as security and consumer privacy.",0,0,1,0,0,0,0,0
63978,63978,2019-Feb-13-EQIX.OQ-140112892739-transcript.txt,"Charles J. Meyers,  Equinix, Inc. (REIT) - President, CEO & Director    [3]"," President, CEO & Director","          Thanks, Kat. Good afternoon, everybody, and welcome to our fourth quarter earnings call. We had great end of the year delivering our 64th consecutive quarter of revenue growth and eclipsing a key milestone with over $5 billion in revenue for the year. The opportunity for Equinix is as compelling as ever, as digital transformation is reshaping virtually every industry across the globe. Digital and the infrastructure that fuels it have emerged as board-level issues, and this digital imperative is transcending the macroeconomic volatility we see in the market. Customers are thinking differently about how they interact with their customers in every element of their supply chain. And the major tech trends, whether it be AI, IoT, big data or 5G, are all amplifying this digital tailwind. In the wake of this digital transformation wave, a clear architecture of choice has emerged for our customers. That architecture is global, highly distributed, hybrid and multicloud. And for a variety of reasons, customers are increasingly looking to locate this infrastructure at Equinix. Leveraging our interconnected digital edge to achieve performance, security, compliance, flexibility and total cost of ownership benefits that can only be supported by the physics of proximity and the economics of aggregation. These compelling advantages are translating into strong performance in the business and give us solid momentum as we enter 2019 and beyond. ",0,0,0,0,0,0,0,1
99272,99272,2021-Nov-04-AVLR.K^J22-140586848440-transcript.txt,"Scott M. McFarlane,  Avalara, Inc. - Co-Founder, Chairman & CEO    [3]"," Co-Founder, Chairman & CEO","As part of our growth strategy to expand our international reach, we are very pleased with the attendance and the excitement at our annual international flagship event, Virtual Inspire-2021 in October. The event was a big success with more than 4,000 registrations from around the world, the largest in our history. The theme this year was Powering Global Commerce and was focused on empowering leaders with the knowledge they need to grow their business internationally. We believe that to dominate the future of global compliance and distance ourselves even further from the competition, we must have the best content powered by AI and machine learning, the largest number of partner integrations and the most robust technology platform, not to mention best-in-class onboarding.  ",0,0,0,0,0,0,0,1
131434,131434,2023-Mar-02-INVE.OQ-140338556944-transcript.txt,"Steven Humphreys,  Identiv, Inc. - CEO & Director    [4]", CEO & Director,"In Video Analytics, our new Vision AI software is the core of this strategic focus in 2023. With this technology, we've now integrated a wide set of machine learning analytics into our Velocity Vision system. Integrated with our Velocity Access Management platform, we're bringing intelligence to physical security and the entire experience as people interact with buildings and other facilities around them. This analytics suite is also ideally positioned to expand our growing recurring revenue base.",0,0,1,0,0,0,0,0
166631,166631,2024-May-30-NTAP.OQ-141177018840-transcript.txt,"George Kurian,  NetApp Inc - Independent Director    [3]", Independent Director,"They are rapidly ramping up their AI infrastructure, building new models and onboarding AI resources. They awarded us the deal over their AI server vendor because of our ability to remove roadblocks in their AI workflows and accelerate the time-to-value from their AI investments.",0,0,0,1,0,0,0,0
151604,151604,2024-Feb-06-LUMN.N-138106537828-transcript.txt,"Kate Johnson,  Lumen Technologies, Inc. - President & CEO    [3]", President & CEO,"Time to talk about innovation; innovating for growth. As we announced last month, Dr. Satish Lakshmanan joined Lumen as our Chief Product Officer. Satish comes to us from AWS, and brings a highly valuable combination of cloud, artificial intelligence, and product development experience that will be an important part of fueling our innovation engine.",0,0,1,0,0,0,0,0
115220,115220,2022-Nov-03-ICE.N-139019660462-transcript.txt,"Benjamin R. Jackson,  Intercontinental Exchange, Inc. - President    [4]", President,"Through our AIQ solution and analyzer tools, customers can save thousands of dollars per loan by leveraging our artificial intelligence and machine learning tools to drive automation in the loan manufacturing process. We are pleased that the value of our offerings continues to resonate with lenders, and we remain optimistic about the long-term opportunity to leverage our mission-critical technology and data expertise to accelerate the analog to digital conversion happening in the industry.",0,0,1,0,0,0,0,0
118774,118774,2023-Apr-25-GOOGL.OQ-140631444702-transcript.txt,"Sundar Pichai,  Alphabet Inc. - CEO & Director    [3]", CEO & Director,"On to my second theme, the company's sharpened focus. I spoke last quarter about our commitment to invest responsibly and with discipline and to find areas where we can operate more cost effectively and with greater velocity. We have significant multiyear efforts underway to create savings, such as improving machine utilization and finding more scalable and efficient ways to train and serve machine learning models. We are making our data centers more efficient, redistributing workloads and equipment where servers aren't being fully used. This is important work as we continue to significantly invest in infrastructure to drive our many AI opportunities. ",0,0,0,0,0,0,0,1
131527,131527,2023-Mar-02-VERI.OQ-139795117373-transcript.txt,"Ryan Scott Steelberg,  Veritone, Inc. - Co-Founder, CEO, President & Director    [3]"," Co-Founder, CEO, President & Director","Veritone provides applications, solutions and services to our customers that eliminate the noise and simply improve their processes and outcomes at significant margins to Veritone. Today, we are clearly an established leader in delivering AI-enabled results to more than 600 commercial customers with strong customer growth and retention, we expect to extend that lead not only in our commercial markets but also with our targeted government and regulated clients as well. The people we have attracted and the technology we continue to develop are the foundational elements for Veritone to capture and dominate our targeted markets.  ",0,0,1,0,0,0,0,0
130492,130492,2023-Jun-01-PD.N-140137568013-transcript.txt,"Jennifer G. Tejada,  PagerDuty, Inc. - Chair of the Board & CEO    [13]", Chair of the Board & CEO,"Yes. Thanks, Tim, for that question. First of all, I would start with we already see customers engaging in large strategic cloud operation -- Operations Cloud deals. And we talked about two earlier in the prepared remarks, where the actual cost pressure and the margin pressure to do more with less is actually, in some cases, the impetus for a customer to engage with us and expand their deployment from pure incident response to include the benefit of AI and -- in our AIOps product and automation. So that is one area. And we also, as I mentioned, saw an improvement in the mix of new product versus more traditional incident response in both our pipeline and our ARR for the quarter.",0,0,1,0,0,0,0,0
88948,88948,2021-Aug-04-TTEC.OQ-137115375560-transcript.txt,"Kenneth D. Tuchman,  TTEC Holdings, Inc. - Founder, Chairman & CEO    [3]"," Founder, Chairman & CEO","Today, we manage hundreds of thousands of CX licenses, making TTEC one of the largest CX technology solution providers in the marketplace. Additionally, we currently employ thousands of dedicated CX technology professionals, including full stack and application developers, data scientists and AI and automation specialists. We are viewed as the leading specialized technology partner for the top CX ecosystems in the world, highlighted by Amazon Web Services, Genesys, Cisco, Microsoft, and Salesforce to name a few. ",0,0,1,0,0,0,0,0
59991,59991,2019-Apr-01-MARK.PK-137417498546-transcript.txt,"Kai-Shing Tao,  Remark Holdings, Inc. - Chairman & CEO    [2]", Chairman & CEO,"Beyond retail, we are also seeing strong momentum in the rollout of our AI safety/security initiative. The public safety and surveillance markets are a large opportunity, and we're continuing to work with our clients to develop solutions that will be used in construction sites, campuses, restaurants and traffic monitoring and enforcement. ",0,0,1,0,0,0,0,0
151427,151427,2024-Feb-06-CTSH.OQ-140390701709-transcript.txt,"Ravi Kumar Singisetti,  Cognizant Technology Solutions Corporation - CEO & Director    [3]", CEO & Director,"One last topic to cover and that's the demand environment. We see little change from the assessment we have provided in recent quarters about uncertain and weak discretionary spending in the early part of 2024. Given the clients are experiencing a period that has brought both change and uncertainty together, we expect them to continue to focus on reducing costs, consolidating vendors, modernizing their data and processes, and increasing the productivity so that they can apply savings to AI-led transformation.",0,0,0,1,0,0,0,0
143724,143724,2023-Sep-06-BASE.OQ-140747968038-transcript.txt,"Matthew M. Cain,  Couchbase, Inc. - Chair, President & CEO    [19]"," Chair, President & CEO","We're spending a lot of time with large customers today on their future plans of AI and us being a platform that is strategic to them for their existing applications. At the same time, as we mentioned in the prepared remarks, we had a net new customer in an emerging geography that is an AI company for smart cities that realize that Couchbase was the platform that they needed to process all their data and enable the application that they're building. So, as we have always done, we take an architectural approach to the data layer and then upon a solid foundation, integrate services in a compelling way for both customers and developers. You combine all that with the Capella consumption model and we're really bringing a lot of capabilities together in a seamless way that quite frankly, other vendors just aren't architected to do, certainly at the scale and performance.",0,0,0,1,0,0,0,0
165844,165844,2024-May-20-ZM.OQ-138931860029-transcript.txt,"Eric S. Yuan,  Zoom Video Communications, Inc. - Founder, President, CEO & Chairman    [3]"," Founder, President, CEO & Chairman","As a result of how far the product has come, we have seen strong growth in a number of deals where we have beat or displaced a Gartner Top 4 CCaaS player. We have also strengthened our Channel partnerships, leading to a significant increase in our Channel wins and ability to compete for larger deals. ASPs are heading north buoyed by the popularity of our higher tier packages that allow agents and managers to lean further into AI with AI Expert Assist, Workforce Management, Quality Management, and more. ",0,0,0,1,0,0,0,0
96064,96064,2021-Mar-25-OSS.OQ-139951755522-transcript.txt,"Brian David Kinstlinger,  Alliance Global Partners, Research Division - Head of TMT Research, MD & Senior Technology Analyst    [20]"," Head of TMT Research, MD & Senior Technology Analyst","Can you talk about how your -- as it relates to the AI Transportables, can you talk about the competitive landscape and how your technology stacks up? I believe you talked about using the latest NVIDIA technology. Talk about where your peers are. And then for those that aren't using the technology that maybe equals what you are, how are you identifying and what is your go-to-market strategy to replacing and bring faster technology to those customers?",0,0,1,0,0,0,0,0
131691,131691,2023-Mar-07-SOUN.OQ-140097600061-transcript.txt,"Keyvan Mohajer,  SoundHound AI, Inc. - CEO, President & Director    [4]"," CEO, President & Director","In automotive, we now work with 20 key brands, an impressive number given we went from 0 to 20 brands in just a few years. While we continue to add new brands in our portfolio, we are also able to expand with our existing brands globally, by supporting new languages, new regions, adding edge and cloud and new services. We are also working with many world-class device manufacturers ranging from smart appliances to TVs and in multiple areas within the IoT space. Here, we continue to expand within our existing customers, and we are excited about the companies in our pipeline. With more than 75 billion connected devices expected globally by 2025, we see a tremendous opportunity here for our most AI powered products and solutions.",0,0,1,0,0,0,0,0
136804,136804,2023-May-18-PRST.PK-139256440591-transcript.txt,"Krishna Gupta,  Presto Automation - Interim Chief Executive Officer    [5]", Interim Chief Executive Officer,"Also this quarter, Presto announced the partnership with OpenAI to enhance our already powerful and industry leading drive thru AI voice assistant. While we have built our own technology, we are excited to also leverage LLMs to improve the speed and personalization of service and intend to further our relationship with OpenAI over the coming months.",0,1,1,0,0,0,0,0
149966,149966,2024-Aug-14-CSCO.OQ-140123853691-transcript.txt,"Charles Robbins,  Cisco Systems Inc - Chairman of the Board, Chief Executive Officer    [3]"," Chairman of the Board, Chief Executive Officer","I'd like to highlight one of the largest deals we've signed in the quarter with a leading global logistics company to advance their efforts in creating the world's most flexible, efficient, and intelligent logistics network. Cisco's technology platforms across switching, routing, security, and observability will enable our customer to automate network operations with cutting-edge innovations like AI-powered robotics and unmatched supply chain visibility.",0,0,0,1,0,0,0,0
119102,119102,2023-Apr-26-NOW.N-140081048753-transcript.txt,"William R. McDermott,  ServiceNow, Inc. - Chairman & CEO    [6]", Chairman & CEO,"So if you want to think about our unfair advantage, we actually started in IT and have extended that beautifully into HR, into the customer service management and into creator. Think about the importance of creator. 75% of the app development that will take place in the next 2 years will be done by the customers themselves on a low-code platform like ServiceNow. We feel we have a pole position. Customer service management, everybody is trying to align the front, mid and back office to give a seamless, self-service, direct-to-consumer experience on the mobile. It's our core competency. And when you think about the employee experience, there's wonderful systems of record out there that do what they're supposed to do, but our expertise is really taking a technology view of recruiting, hiring, onboarding, providing all the services and with generative AI actually giving the employee next best action and fundamentally changing the game on the productivity curve. ",0,1,1,0,1,0,0,0
74713,74713,2020-Aug-04-LPSN.OQ-140228004695-transcript.txt,"John Deneen Collins,  LivePerson, Inc. - Executive VP & CFO    [4]", Executive VP & CFO,"Thanks, Rob. I, too, couldn't be more pleased with how well LivePerson adapted to the new environment and capitalized on the demand inflection for our Conversational Cloud. LivePerson sharply accelerated revenue growth and delivered better than planned profitability and cash generation as the company executed on all key facets of its business. We built even stronger relationships with our customers by expertly guiding them through the crisis and helping them to maintain business continuity through a combination of AI and messaging. This strategy drove the revenue retention rate above our target range of 105% to 115%. We increased and progressed the sales pipeline by successfully adapting our go-to-market strategy to virtual selling and enhancing our partner channels. ",0,0,1,0,0,0,0,0
148544,148544,2024-Aug-08-AVPT.OQ-136979981485-transcript.txt,"Tianyi Jiang,  AvePoint Inc - Chief Executive Officer, Director    [24]"," Chief Executive Officer, Director","          Yeah. Opus has done well so far. It's was launched in late 2023. To remind everyone, Opus is the evolution of our information management story. It brings together the best of our cloud records product with more informal information management practices to create a holistic solution for the lifecycle management of content. So it's really actually three different functionalities around record management, retention archiving, classification infused with AI.",0,0,1,0,0,0,0,0
138422,138422,2023-Nov-02-IAS.OQ-139958681341-transcript.txt,"Lisa Utzschneider,  Integral Ad Science Holding Corp. - CEO & Director    [3]", CEO & Director,"Let me start by highlighting some key wins and expansions that reinforce the value of our AI-backed products, platform integrations, superior service, and geographic reach. BMW named IAS as its global verification partner. BMW selected IAS for our technology, innovation with products like Total Media Quality or TMQ, vertical expertise in the auto sector, extensive international footprint, and high-quality service. We are delighted that Ferrero, a global sweet packaged food company, has named IAS as its exclusive global measurement and optimization provider. We secured a major renewal and expansion of our partnership with Mars, the home of iconic brands including M&M, Snickers, Kind and Pedigree. This multiyear exclusive agreement includes IAS's leading market measurement and optimization offerings with annual minimum impression commitments. The renewal also expands our relationship with Mars to new markets including Mexico, Brazil, Germany and the APAC region. ",0,0,1,0,0,0,0,0
131136,131136,2023-Mar-01-CCCS.OQ-141025542080-transcript.txt,"Githesh Ramamurthy,  CCC Intelligent Solutions Holdings Inc. - Chairman & CEO    [23]", Chairman & CEO,"So one of the benefits we have is that on any given day, the scale of transactional data repairs, estimates, supply chain information flowing through a network is massive. So even if you build an AI model, that currency and the speed at which you can rev this model, we learned how to do that with software releases. We did over 1,000 software releases last year and maintained a network or uptime of 99.95. So we had to do the same thing with AI, and we can literally rev some of the models on a monthly basis. Some of this gets updated. And not only do rev and update these models, there's also an important element of AI called drift that you have to manage. ",0,0,1,0,0,0,0,0
129213,129213,2023-Jul-25-MSFT.OQ-137462259693-transcript.txt,"Satya Nadella,  Microsoft Corporation - Chairman & CEO    [3]", Chairman & CEO,"To that end, we remain focused on 3 key priorities: first, helping customers use the breadth and depth of Microsoft Cloud to get the most value on to their spend; second, investing to lead in the new AI platform shift by infusing AI across every layer of the tech stack; and third, driving operating leverage.",0,0,1,0,0,0,0,0
131389,131389,2023-Mar-02-DELL.N-138710351545-transcript.txt,"Anthony Charles Whitten,  Dell Technologies Inc. - Co-COO    [3]", Co-COO,"In Q4, we also advanced our innovation agenda. We launched our next generation of PowerEdge servers with significantly enhanced AI and machine learning capabilities and improved energy and cost efficiency for data center, cloud and edge environments, including new purpose-built XR servers for telecom, Open RAN and mobile edge use cases.",0,0,1,0,0,0,0,0
153606,153606,2024-Feb-21-SNPS.OQ-138455182185-transcript.txt,"Sassine Ghazi,  Synopsys, Inc. - CEO, President & Director    [3]"," CEO, President & Director","As the leading silicon-to-system design solution company with best-in-class EDA tools and the broadest portfolio of semiconductor IP, Synopsys' growth opportunity is truly incredible and already underway. Across industries, a paradigm shift is underway as companies race to deliver on this era of pervasive intelligence, where AI and smart technologies are omnipresent and interconnected.",0,0,0,0,0,0,0,1
88502,88502,2021-Aug-03-LPSN.OQ-138270208813-transcript.txt,"Robert P. LoCascio,  LivePerson, Inc. - Founder, Chairman of the Board & CEO    [3]"," Founder, Chairman of the Board & CEO","At the beginning of this year, we quickly entered into the AI health space. In the first half of the year, we developed and launched the diagnostics and testing platform called Bella Health, built on top of the conversational cloud. We were able to move very quickly because 80% of this new offering was built using the power of our core platforms. As we discussed last quarter, the first contract for our offering was related to rapid in-home COVID-19 tests and COVID testing has become an overall catalyst for increased development of new offerings for the entire medical diagnostic industry. We delivered the Bella Health app and the first set of corresponding tests ahead of schedule and the timing of these deliveries led to some of the outperformance versus guidance we achieved in Q2. ",0,0,1,0,0,0,0,0
88015,88015,2021-Apr-29-EXLS.OQ-138068485971-transcript.txt,"Rohit Kapoor,  ExlService Holdings, Inc. - Co-Founder, Vice Chairman & CEO    [10]"," Co-Founder, Vice Chairman & CEO","So these AI solutions, which are on the cloud and which are placed upstream and they don't need to interfere or disturb the existing legacy technology or for that matter how the work is currently being performed, I think it's working really well with our clients. And our clients are engaging with us more and more actively in terms of the adoption of these AI solutions on the cloud. And so we see a tremendous amount of opportunity out here.",0,0,1,0,0,0,0,0
129653,129653,2023-Jul-27-APPF.OQ-140169760678-transcript.txt,"Shane Trigg,  AppFolio, Inc. - President, CEO & Director    [3]"," President, CEO & Director","Wrapping up. We're quickly becoming the technology partner of choice for leading real estate businesses, from AI-powered innovation, including AppFolio Realm to our entry into the affordable housing segment, the addition of new AppFolio Stack partners and the expansion of our payments platform, we're focused on executing our strategy and delivering increasingly more value to our customers and their communities. We look forward to sharing more innovation at our annual customer conference in September and to hosting a virtual and in-person investor meeting later this year.",0,0,1,0,0,0,0,0
161882,161882,2024-May-01-UPWK.OQ-140995178620-transcript.txt,"Hayden Brown,  Upwork Inc - President, Chief Executive Officer, Director    [3]"," President, Chief Executive Officer, Director","To further catalyze this new reality and solidify Upwork as the premier destination for where that happens most effectively, we continue to expand the ecosystem of partners, offering industry leading tools through our app and offers page, welcoming cohort of new partners, including Dropbox, Notion, and iStock by Getty Images. Data shows that freelancers are already ahead of their full-time employee peers insight businesses in the adoption of AI tools.",0,0,0,1,0,0,0,0
51521,51521,2018-Feb-27-TMX^J22-138979224596-transcript.txt,"Nikhil Madhukar Varty,  ServiceMaster Global Holdings, Inc. - CEO & Director    [6]", CEO & Director,"          On the AHS, what's critical to me is, as I came in, I saw an incredible groundbreaking opportunity in this business. As you know, we've been serving -- we just touched -- crossed our customer count to over 2 million in this year, which is a big achievement for the business, but what lingered in my mind is there's 120 million homes in America. How do you get to those levels because the market, the way we defined it, we were counting us having about 47% market share, so we've been through an intensive amount of effort and work to see how we can serve beyond the 4 million homes and how do you capture a significant portion of the 116 million homes going forward. And that's just counting the United States as of now and not even really expanding our thinking process to outside our boundaries in commercial and other places. The fantastic part about this business is it's one of a kind, which is a -- which guarantees service to its customer through incredibly strong technical platform that connects 15,000 contractors in America. We monitor, manage, score and train and help them improve to over 2 million customers. There's a huge ability to expand this, but we have to look at other avenues beyond the warranty model that we offer today in terms of retail services and stuff. So and whether we go into retail services or not, it is imperative in today's world to be the best-in-class in customer service, and we're investing a lot to reduce our hold times, to improve our customer service levels. Pratip is also helping us drive significant mindset shift in terms of how we understand our customer issues and complaints, rapidly understand the root causes and put permanent solutions in place to give service that we can be very, very proud of, which becomes a huge barrier to entry in the future. This will also give us a nice foothold as this company becomes independent to expand beyond its own capabilities today in the warranty space to retail and concierge services or the likes. So we've done a lot of work to understand that, but it does take that upgrading that service. Plus, we're -- I strongly believe in digital capabilities that this business can benefit hugely from, which gives even higher ability to deliver increased margins in the future because you're going to be a lot more dependent on artificial intelligence, machine learning and other capabilities, which this business is very, very well suited for.",0,0,0,0,0,0,0,1
118913,118913,2023-Apr-25-SSTK.N-138760605753-transcript.txt,"Paul J. Hennessy,  Shutterstock, Inc. - CEO & Director    [3]", CEO & Director,"This is especially the case in our enterprise sales channel where our value proposition for enterprise customers is rapidly evolving from being a scaled content provider across multiple content types to comprise more workflow tools, data training sets, and AI enabled services.",0,0,1,0,0,0,0,0
147162,147162,2024-Aug-05-TDC.N-137144132967-transcript.txt,"Stephen Mcmillan,  Teradata Corp - President, Chief Executive Officer, Director    [33]"," President, Chief Executive Officer, Director","And then as we're looking at the new capabilities that we're bringing out in terms of having the platform support not just an enterprise data warehouse and being able to compete in the enterprise data warehouse perspective, but also being able to compete in the for deployments like Wake or Wake House, and also compete from an end database analytics for high-performance analytics, which really plays well into AI and Gen AI solutions. I think many customers, many of our customers are looking at multiple solutions across that entire solution set. It's our objective in Teradata to provide the best possible engine to address each one of those workloads and patterns we see in those customers.",0,0,0,1,0,0,0,0
110466,110466,2022-Jun-14-CXM.N-141109607499-transcript.txt,"Ragy Thomas,  Sprinklr, Inc. - Founder, Chairman & CEO    [3]"," Founder, Chairman & CEO","In Modern Research, we launched Conversation Insights, the ability to cluster conversations from public digital data that's legally available using AI and to surface brand insights that otherwise may never have been discovered. Customers like PepsiCo are using our Conversation Insights to inform strategies like sustainable packaging. We also announced enhancements in our media monitoring and analytics module, including new premium data partners like NLA Media Access and Financial Times. Conversation Insights help PR and corporate communication leaders to better understand their digital audience in real time, and it allows them to optimize their messaging. We help them and other marketers to facilitate data-driven decisions across organic, paid and advocacy marketing.  ",0,0,1,0,0,0,0,0
152772,152772,2024-Feb-14-INFA.N-137337840819-transcript.txt,"Amit Walia,  Informatica Inc. - CEO & Director    [3]", CEO & Director,"Our unwavering focus is to deliver profitable, accelerated growth while executing a cloud-only, consumption-driven go-to-market strategy and enhancing our AI-powered IDMC platform capabilities. That platform, IDMC, processed 86 trillion mission-critical cloud transactions in December, growing a whopping 62% year-over-year. We have a unique and differentiated AI-powered platform, helping enterprises' automation, data intelligence and increased efficiency to drive more workloads and many, many use cases. ",0,0,1,0,0,0,0,0
133090,133090,2023-May-02-BAND.OQ-140169968659-transcript.txt,"David Andrew Morken,  Bandwidth Inc. - Co-Founder, CEO, & Chairman    [3]"," Co-Founder, CEO, & Chairman","We're still in the early stage of a long-term secular trend of digital transformation that's becoming more and more dynamic by the day with emerging AI technologies, converging platforms and exciting new use cases. ",0,0,0,0,0,0,0,1
166766,166766,2024-Sep-03-GTLB.OQ-139910882621-transcript.txt,"Sid Sijbrandij,  GitLab Inc - Chairman of the Board, Chief Executive Officer, Co-Founder and Director    [3]"," Chairman of the Board, Chief Executive Officer, Co-Founder and Director","          Thank you for joining us today. I'm excited to share our second-quarter results with you and talk about our market-leading DevSecOps platform and its AI capabilities. We continue to deliver strong results that reflect our team's focus on customers, helping them realize faster time-to-value and customer-specific business outcomes.",0,0,1,0,0,0,0,0
35093,35093,2017-Apr-27-UPS.N-138821614541-transcript.txt,"David P. Abney,  United Parcel Service, Inc. - Chairman and CEO    [3]", Chairman and CEO,"We will advance the use of the latest technologies, like artificial intelligence and machine learning, to improve customer service and make operations more efficient.",0,1,1,0,0,0,0,0
66760,66760,2019-Jul-31-CDW.OQ-139692902015-transcript.txt,"Christine A. Leahy,  CDW Corporation - President, CEO & Director    [4]"," President, CEO & Director","Solutions, as a percentage of total sales for account managers in the program, are 300 basis points higher than in 2016. At the same time, the attrition rate for account managers was 0 to 24 months' length of service has declined nearly 25%. Of course, retaining the right coworkers requires hiring the right coworkers. In this competitive market, we are implementing innovative approaches to ensure we continue to attract targeted talent. We are currently piloting artificial intelligence solutions to identify top talent within an applicant pool. AI tools identify high-potential candidates by finding applicants with characteristics demonstrated by high-performing CDW sales professionals. When there is a high match, recruiters target the candidate for more intense activity.",0,0,0,0,1,0,0,0
54126,54126,2018-Mar-14-WSM.N-137620287753-transcript.txt,"Yasir Anwar,  Williams-Sonoma, Inc. - CTO    [24]", CTO,"          Yes. I think I strongly believe that the current availability of technology frameworks in the industry, especially the artificial intelligence and application of machine learning for these type of activities, which is supply chain, inventory optimization and distribution center optimization, is going to be very powerful for us. I'm personally very passionate about powering up the machines and getting them to do the work instead of a lot of manual work, which takes a lot of cost into the system. So we believe we're going to drive our top line growth also by applying machine learning in supply chain world, would also deliver a lot of cost efficiencies, which can then be invested in the top line growth. So looking forward to that.",0,0,0,0,0,0,0,1
145139,145139,2024-Apr-25-FCN.N-138859792482-transcript.txt,"Ajay Sabherwal,  FTI Consulting, Inc. - CFO    [4]", CFO,"Third, we continually will look to expand our portfolio of services to adjacencies related to our core competencies. Examples of such expansion range from construction solutions to cybersecurity and AI in FLC; strategy consulting and digital transformation in Corporate Finance; non-M&A-related antitrust in Economic Consulting; blockchain, digital assets, emerging data and AI-based capabilities in Technology; and public affairs consulting in Strategic Communications. ",0,0,1,0,0,0,0,0
136730,136730,2023-May-17-IBEX.OQ-137101519187-transcript.txt,"Robert T. Dechant,  IBEX Limited - CEO & Director    [3]", CEO & Director,"Two quarters ago, our Wave X tech team began development of generative AI solutions to assist our agents in delivering great experiences. We are excited about the early results and the game-changing potential that the technology has. More than ever though, our clients' Boards and CEOs are asking their organizations about generative AI. With the competencies we have built, we believe we are well positioned to work with our clients to help them better understand how to assess opportunities in their business as well as to eventually have IBEX build out and implement solutions for them across the customer lifecycle. This is an exciting time for IBEX.",0,1,0,0,1,0,0,0
84491,84491,2020-Nov-05-SAIL.N^H22-137841241881-transcript.txt,"Mark D. McClain,  SailPoint Technologies Holdings, Inc. - Co-Founder, CEO & Director    [3]"," Co-Founder, CEO & Director","For example, one of the world's top stock exchanges chose SailPoint's SaaS identity platform to replace an on-prem legacy identity platform that could no longer keep up with the organization's identity and access management needs. The CISO, a repeat SailPoint customer, one of the SaaS identity solution that would help them solve for both the current as well as the future state of the business Already, this company has successfully onboarded 100-plus applications and solved some of their most pressing access modeling needs, thanks to the AI and ML-driven capabilities embedded in our platform. ",0,0,1,0,0,0,0,0
161345,161345,2024-Mar-28-SOL.N-139324877969-transcript.txt,"Yumin Liu,  Emeren Group Ltd - Chief Executive Officer, Board of Director    [17]"," Chief Executive Officer, Board of Director","I do not have a story to present at this time, but we are actively working on those very possible stories to support the AI operation in the future. Especially, we talk about the hybrid deals, which can provide the quality, reliable power supply to those AI operations. And that can become can become a big driver for our growth when we select new deals into our product development pipeline.",0,0,0,0,0,0,0,0
135277,135277,2023-May-09-MTTR.OQ-139347048414-transcript.txt,"Raymond J. Pittman,  Matterport, Inc. - Chairman & CEO    [3]", Chairman & CEO,We're currently piloting property intelligence with select customers and expect to announce general availability in the second half of 2023. We are incredibly excited about the growth potential of our new AI-driven solutions for both new and existing customers around the world. This will be a significant unlock for Matterport in the quarters and years to come.,0,0,1,0,0,0,0,0
124426,124426,2023-Aug-18-PANW.OQ-140846920399-transcript.txt,"Lee Klarich,  Palo Alto Networks, Inc. - Executive VP & Chief Product Officer    [2]", Executive VP & Chief Product Officer,"We are going to accelerate our pace of innovation even further. We are going to leverage our proven playbook around M&A to be able to augment what we do organically. And we are going to take our capabilities in AI and turn that into an AI-first company. And why I'm so confident in our ability to leverage AI is we've built the right data foundation, we've combined that with the right architecture, and we've leveraged an amazing set of expertise across all of that.",1,0,0,0,0,0,0,0
65108,65108,2019-Feb-28-PSTG.N-138258385018-transcript.txt,"David M. Hatfield,  Pure Storage, Inc. - President    [4]", President,"Second, our partner ecosystem continues to expand and deliver real value to our go-to market engine. During the quarter, we had excellent traction across our national channel partners, technology alliances and global systems integrators. Our largest national partners are increasingly choosing to lead with Pure. Most recently, Pure received a number of accolades, including Data Center Partner of the Year from SHI, CDW UK Silver Partner of the Year, CRN's Data Center Vendor of the Year, and Best Vendor Channel Program from SVC Awards. Additionally, we've made significant progress with a number of strategic alliances. Our partnership with Splunk to advance big data analytics continues to thrive, and our joint customer base more than doubled in the year. We signed Rackspace as one of the largest managed service providers and see continued advancement with NVIDIA and Cisco, including the expansion of our converged offerings to include FlashStack for AI and FlashStack as a service. Finally, GSIs are growing rapidly and becoming an increasing contributor to our go-to market efforts; and Accenture, DXC and HCL are all now working with Pure. Our leading technology, together with our Evergreen business model, are a perfect fit for GSIs, enabling them to reduce costs while improving their service levels to customers. As Charlie mentioned, the progress in and our commitment to this segment is underscored by our recent 9-figure, multiyear agreement with one of the largest GSIs.",0,0,0,1,0,0,0,0
144336,144336,2024-Apr-15-CXAI.OQ-137464963235-transcript.txt,"Khurram Sheikh,  CXApp Inc - Chairman, Chief Executive Officer    [2]"," Chairman, Chief Executive Officer","Finally, I'd like to say, the culture of CXAI, the company that we have now is innovation-focused with three core values, purpose, passion, and positivity. We are passionate about solving the big problems in the future work using AI, and we are super positive about creating a new paradigm of digital transformation of the enterprise focus on employee experiences.",0,0,1,0,1,0,0,1
78237,78237,2020-Feb-26-SABR.OQ-139906625042-transcript.txt,"Sean E. Menke,  Sabre Corporation - President, CEO & Director    [3]"," President, CEO & Director","Other benefits of the agreement include application of Google Cloud, data analytics, artificial intelligence and machine learning to our data elements to help unlock new revenue opportunities. An innovation framework to explore how we can provide best-in-class capabilities and solutions together. And finally, the agreement with Google is a preferred partnership, meaning it gives Sabre an opportunity to innovate with Google in a way that is unique in the market. Ultimately, our technology transformation is expected to lower our cost, accelerate innovation and provide competitive differentiation. ",1,0,0,0,0,0,0,0
164359,164359,2024-May-09-AVPT.OQ-139606986136-transcript.txt,"Tianyi Jiang,  AvePoint Inc - Chief Executive Officer, Director    [3]"," Chief Executive Officer, Director","These shortcomings are even more glaring when compared to the size and volume of data our customers need to secure, driven by the relentless growth of data for many years, more than 40% of the companies today manage at least 500 petabytes of data, and they're seeing that growth accelerate due to AI, addressing the challenges related to data growth and sprawl has always been a key use case for AvePoint and led to a new customer win in Q1 with a Germany-based real estate firm with over 130,000 tenants and 1,500 employees.",0,0,0,0,0,0,0,1
117622,117622,2022-Oct-25-XRX.OQ-141143273902-transcript.txt,"Steven John Bandrowczak,  Xerox Holdings Corporation - CEO & Director    [3]", CEO & Director,"We have the solutions today to help them do just that, including solutions like Workflow Central and Digital Mailroom, to name a few. And by focusing more on client solutions rather than product offerings, I believe we can maximize our relevancy and share of wallet with existing clients. We also have the reputation and credibility, the right to win to build new solutions for our clients that leverage our institutional knowledge of client processes and integrate leading technologies such as AI, AR, RPA and machine learning. These new solutions can provide intelligence, value-added services and automation to workflows we already process for our clients as well as new workflows we can and will process in the future. ",0,0,1,0,0,0,0,0
153290,153290,2024-Feb-20-HCKT.OQ-139265938729-transcript.txt,"Ted A. Fernandez,  The Hackett Group, Inc. - Co-Founder, Chairman & CEO    [5]"," Co-Founder, Chairman & CEO","So what's new? It's the rapidly emerging attention and demand for Gen AI. Its possibly unlimited potential will drive an entirely new level of digital world-class performance standards, driving all software and services providers to extend the value of their existing offerings. We believe this will result in an unprecedented innovation, which all organizations will have to consider. On the talent side, competition for experienced executives continues. Overall, we saw the turnover continue to moderate and remained low during the quarter, and we expect that trend to continue. ",0,0,0,0,0,0,0,1
151571,151571,2024-Feb-06-INTA.OQ-140723453664-transcript.txt,"John Hall,  Intapp Inc - Chairman and Chief Executive Officer    [34]", Chairman and Chief Executive Officer,"          I think, there's some early adopters who are really enthusiastic because they just feel how big a potential there is for AI to make its way into these knowledge-based professionals. So much of their work is about serving large sets of data regardless of their area of expertise. They're looking across large areas of data to try to develop a point of view, either for a deal investment decision for advice to their clients.",0,0,0,0,0,0,0,0
125122,125122,2023-Dec-05-ASAN.N-138738534081-transcript.txt,"Dustin Moskovitz,  Asana Inc - Co-Founder & CEO    [3]", Co-Founder & CEO,"This year is an important transition period for us. In the past year, we've optimized our investments across our organization, making substantial year-over-year improvements in our margins each quarter. We've brought on board enterprise software veterans to lead our go-to-market strategy and execution. And we're embarking on a new product cycle of innovation on our industry-leading platform, leveraging AI.",0,0,1,0,0,0,0,0
145042,145042,2024-Apr-24-WFRD.OQ-136937493834-transcript.txt,"Girishchandra K. Saligram,  Weatherford International plc - President, CEO & Director    [3]"," President, CEO & Director","Now turning to our segment overview on Slides 5 through 7. The operational and technical highlights showcase synergies between product lines, which is driven by our solutions creation mindset. In DRE, I am particularly excited about our MPD win with PDO in Oman as this represents another example of growing MPD adoption and our technology differentiation. We are also seeing some quick wins from our acquisitions with the launch of the HD Spitfire tool as part of our wireline products portfolio. In WCC, we continue to see significant awards through the quarter and the deployment of our pressure balanced liner system, the Xpress XT in an offshore setting for the first time is particularly encouraging. In PRI, our focus on digital solutions has resulted in significant advancements in operational efficiency and value creation for our customers. A significant development in this segment is the commercial launch of Foresite 5.3, which combines artificial intelligence, machine learning and autonomous control for proactive failure prediction and therefore, prevents ESP and Rod Lift failures.",0,0,1,0,0,0,0,0
127624,127624,2023-Feb-23-TRUE.OQ-139819161160-transcript.txt,"Jantoon E. Reigersman,  TrueCar, Inc. - Executive VP & COO    [4]", Executive VP & COO,"In addition to the great dealer consumer factory upgrades, we modernized our entire cloud infrastructure, an upgrade that will allow us to reduce costs while increasing our development speed and flexibility to respond to change. We also launched our AI recommendation engine, which will be used to power some of the exciting new features planned in the near-term, product road map for both TC+ and our core business.",0,1,1,0,0,0,0,0
125079,125079,2023-Aug-31-S.N-137142173924-transcript.txt,"Tomer Weingarten,  SentinelOne, Inc. - Co-Founder, Chairman, President & CEO    [3]"," Co-Founder, Chairman, President & CEO","I'm proud of our leading AI-based technology and the innovations we're bringing to customers. Our newly launched vulnerability management solution, Ranger Insights, is another example of how we're helping customers eliminate disparate tools in a single platform. Ranger Insights connects 2 closely tied elements of cybersecurity, application vulnerability identification and endpoint mitigation, which were disconnected until now. CRN ranked Ranger Insights as the #1 in their list of Cool New Security Products Unveiled at Black Hat 2023. We also introduced a new cloud data security product line, which offers threat detection for customers using cloud storage vendors like Amazon S3 and network storage providers such as NetApp. ",0,0,1,0,0,0,0,0
114391,114391,2022-May-23-ZM.OQ-139981831406-transcript.txt,"Eric S. Yuan,  Zoom Video Communications, Inc. - Founder, President, CEO & Chairman    [3]"," Founder, President, CEO & Chairman","Just last week, we closed our acquisition of Solvvy, which we believe will strengthen our capabilities around conversational AI and accelerate the adoption of our contact center product. The nature of the customer experience is undergoing a fundamental transformation, as enterprises increasingly look to engage their customers in more exceptional, personalized and effortless ways. ",0,1,0,0,0,0,0,0
53048,53048,2018-Jul-27-MCO.N-137573766238-transcript.txt,"Robert Scott Fauber,  Moody's Corporation - President of Moody's Investors Service    [30]", President of Moody's Investors Service,"          Yes, it's Rob. We made a small minority investment in QuantCube this quarter. They're a firm that focuses on artificial intelligence with a big data platform, and we started to work with them around collecting alternative data and building models and insights into both macro, and also we're working with them around some of the environmental, social and governance initiatives that we have underway. So it was a way for us to kind of partner with an innovative technology company and augment our capabilities and get some, ultimately, we think some interesting data that we can work into our analytics and our research.",1,0,0,0,0,0,0,0
110897,110897,2022-Mar-03-CBUS.OQ-137684230823-transcript.txt,"Michael Allen Carr,  Calyxt, Inc. - President, CEO & Director    [3]"," President, CEO & Director","Our scientists are experts at engineering plant metabolism and have demonstrated this capability many times over across multiple plant species. This expertise creates a unique perspective on the power plants and how they can be used to shape our future and gives Calyxt expertise advantage over others. We currently apply AI/ML in the early stage of our development process. And over time, we expect to expand these capabilities further into that process by adapting knowledge gain from past activity with predictive analytics to rapidly prototype and provide feedback, accelerate the time to complete the development cycle and help mitigate the risk associated with commercial scale-up.",1,0,1,0,0,0,0,0
86203,86203,2020-Oct-28-CTSH.OQ-141132312045-transcript.txt,"Brian Humphries,  Cognizant Technology Solutions Corporation - CEO & Director    [22]", CEO & Director,"The real trend that I'm 100% focused on, and we will put all our resources and effort behind this, relates to digital. That's a secular trend. It's strong. Our bookings are strong. Our pipeline is strong. We've got an improving brand. We see strength in digital engineering, where we're showing up very well these days. Software as a Service, AI and analytics, interactive. ",0,0,0,1,0,0,0,0
144515,144515,2024-Apr-18-MAN.N-140564990227-transcript.txt,"Jonas Prising,  ManpowerGroup Inc. - Chairman & CEO    [6]", Chairman & CEO,"This follows our successful mature finance shared service center in Mexico City serving Latin America. For 75 years, ManpowerGroup has been committed to doing business the right way for our people, our clients, and the communities in which we operate. We know these high standards are valued by all who work with us. As AI advances, we are guided by our people-first approach. We have established a multi-functional Ethical AI Committee that helps us stay in front of AI-related risks, while enabling us to innovate and pilot new approaches that create value for our people and our clients.",0,0,0,0,0,0,0,1
39579,39579,2017-Jul-18-BAC.N-138882471971-transcript.txt,"Brian Moynihan,  Bank of America Corporation - Chairman, President & CEO    [76]"," Chairman, President & CEO","So that's whether it's US trust or Merrill Lynch, the preferred business in Consumer, the business banking, global commercial bank, [global] corporate investment banking and driving that -- always had great products, we just literally had to add more sales teams. Behind that has also been the deployment in technology to help those sales teams. We are using artificial intelligence to prioritize their work in terms of targeting their efforts.",0,0,0,0,1,0,0,0
123002,123002,2023-Aug-08-VERI.OQ-140498866886-transcript.txt,"Ryan Scott Steelberg,  Veritone, Inc. - Co-Founder, CEO, President & Director    [3]"," Co-Founder, CEO, President & Director","The AI paradigm has shifted and it's important to remember we are still in the early innings. While companies continue to ramp adoption, the underlying AI models themselves will not be differentiated. Rather, differentiation will come from the application of the AI in large language models with unique data on a job-specific basis. For almost a decade, Veritone has demonstrated its ability to weave together data in a vast array of cognitive and generative AI models for industry-leading customers. These capabilities allow Veritone to double down on attractive market verticals and expand our proprietary data moats. I can confidently state that Veritone through aiWARE and our unique data and workflow capabilities is strategically positioned to capitalize on the opportunities that lie ahead. ",1,0,0,0,0,0,0,0
31117,31117,2016-May-10-FUEL.O^I17-137163743395-transcript.txt,"Randy Wootton,  Rocket Fuel Inc. - CEO    [5]", CEO,"Thanks, Rex. Rocket Fuel's mission is to make marketing meaningful, by predicting the potential of every moment. Our technology is built to empower agencies, publishers and their clients, as well as enterprise marketers to deliver powerful experiences with their customers that drive real results. We do this with a programmatic marketing platform that leverages our Moment Scoring technology, artificial intelligence, in an immense big data infrastructure. ",0,0,1,0,0,0,0,0
146136,146136,2024-Aug-01-AIG.N-138942837796-transcript.txt,"Peter Zaffino,  American International Group Inc - Chairman of the Board, Chief Executive Officer    [2]"," Chairman of the Board, Chief Executive Officer","We will then combine this enhanced capability with advanced modeling and amplify compute capabilities, underpinning this work is a robust governance framework designed to keep pace with the rapidly evolving global AI regulatory landscape.",0,0,0,0,0,0,0,1
165174,165174,2024-May-10-DOCN.N-138625085275-transcript.txt,"Paddy Srinivasan,  DigitalOcean Holdings Inc - Chief Executive Officer, Director    [3]"," Chief Executive Officer, Director","Most of the builders and scalers on our platform run revenue generating software products on DigitalOcean and have come to know and love us for our simplicity, our valuable technical content, and our compelling price to value. I've been actively engaging and listening to them, and they have helped validate some of the hypothesis that I have long held about this solution. Number one, that the market opportunity for cloud platforms is large and growing and is only increasing with the advances of AI and machine learning technologies.",0,0,1,0,0,0,0,0
122180,122180,2023-Aug-08-AXON.OQ-137118665913-transcript.txt,"Patrick W. Smith,  Axon Enterprise, Inc. - Founder, CEO & Director    [2]"," Founder, CEO & Director","Our mission-driven philosophy to leverage exponential technologies to solve the problems we care about is the core to our value creation engine. An investment in Axon is investing in the future of AI and it has been for several years. The flywheel for AI technologies, including LLMs, is powered by signals and data. We have invested hundreds of millions of dollars into building out an ecosystem of wearable cameras and sensors and the world's leading cloud platform that securely hosts the enormous data generated by this expansive ecosystem. Everything we have built over the past decade has been in a -- position us to be able to safely and ethically and securely collect, share and analyze that data for our customers, paving the way for public safety adoption of ever more advanced AI tools. These tools will build upon and expand the AI applications that are already a critical component of the Axon ecosystem.",0,0,1,0,0,0,0,0
166182,166182,2024-May-29-AI.N-138711429291-transcript.txt,"Tom Siebel,  C3.ai, Inc. - Chairman and CEO    [3]", Chairman and CEO,"With significant first mover advantage, we serve the market today with 90 Enterprise AI and Generative AI applications that offer outsized economic benefit. Our business is focused on enterprise AI applications. In fiscal year '24, 88% of our bookings were driven by AI application sales and 12% of our bookings were driven by the C3 AI platform. Our pilot counts surged to 123 for the year as we closed 191 agreements now across 19 different industries, underscoring the effectiveness of these products in meetings complex business needs across many business sectors.",0,0,1,0,0,0,0,0
114396,114396,2022-May-23-ZM.OQ-139981831406-transcript.txt,"Eric S. Yuan,  Zoom Video Communications, Inc. - Founder, President, CEO & Chairman    [13]"," Founder, President, CEO & Chairman","Two is you look at the AI. AI is something new. You've got a lot of other contact center solution providers. They do not have AI capabilities before, right? Now this is something new, and we are doubling down on that. That is one -- I would say the key depreciation and how to move faster at a much better AI capabilities. ",0,0,0,0,1,0,0,1
165251,165251,2024-May-10-MOND.OQ-137195531290-transcript.txt,"Prasad Gundumogula,  Mondee Holdings Inc - Chairman of the Board, Chief Executive Officer, Founder    [5]"," Chairman of the Board, Chief Executive Officer, Founder","At the same time, we are using the AI platform with Abhi to the external world and while we are working on this transforming the industry with these disruptive technologies. But we are also working on a project called Infinity internally to focus and deploy AI platforms within our current departments and things such as sales and marketing, contact center and everything to achieve cost savings and revenue uptick. So we expect that to be positively impacting our financials sometime in second quarter -- second half of the year.",0,0,0,0,1,0,0,0
107132,107132,2022-Feb-08-OMC.N-139049219927-transcript.txt,"John D. Wren,  Omnicom Group Inc. - Chairman & CEO    [3]", Chairman & CEO,"Much of the work conducted within Omnicom Precision marketing is supported by foundational AI decisioning layer and technology integrated with Omni, our open operating system that orchestrates better outcomes. Omni is built for collaboration across the entire company, acting as a single source of data and process workflow from insights to execution. It empowers our people and clients to make better and faster decisions, maximizing efficiency and ROI.",0,0,1,0,0,0,0,0
127488,127488,2023-Feb-23-INTU.OQ-136926818811-transcript.txt,"Sasan K. Goodarzi,  Intuit Inc. - CEO, President & Director    [3]"," CEO, President & Director","Having successfully navigated multiple platform shifts over the years, including our largest transformation to artificial intelligence in the era of digitization, we continue to be confident in our ability to fuel growth given our large TAM, low penetration, proven strategy and 5 Big Bets. We are proud to be the global financial technology platform that powers prosperity for the people and communities that we serve.",0,0,1,0,0,0,0,0
108395,108395,2022-Feb-24-LAW.N-137042931819-transcript.txt,"Michael S. Lafair,  CS Disco, Inc. - CFO    [4]", CFO,"We will continue to make strategic product investments in our existing solutions and next-generation AI. We believe we have built the market-leading Ediscovery solution but are still in the early innings of software transforming the practice of law. In 2022, we are also building out our international infrastructure to support our growing base of global clients.",0,0,1,0,0,0,0,0
47885,47885,2018-Aug-02-CDR_pb.N-137358242205-transcript.txt,"Bruce J. Schanzer,  Cedar Realty Trust, Inc. - President, CEO & Director    [3]"," President, CEO & Director","Beyond the burgeoning e-commerce space, with Amazon as the dominant player and many other retail innovators nipping at its heels, we, as a society and business community, are contending with artificial intelligence, driverless cars, evolving consumer preferences in brands, the roles of technology and automation, the Darwinian capital markets and, of course, the mind-boggling evolution of political and social discourse. Within retail real estate, in particular, these secular changes are affecting consumer behavior and competitive dynamics, which in turn is forcing our retailer tenants to modify long-pursued business models, reduce or eliminate space utilization and, in certain instances, simply shut their doors.",0,0,0,0,0,0,0,1
151453,151453,2024-Feb-06-DOX.OQ-141114885476-transcript.txt,"Joshua Sheffer,  Amdocs Limited - President, CEO & Director    [3]"," President, CEO & Director","First, powered by our generative AI framework amAIz, Amdocs' flagship CES24 suite now benefits from generative AI across BSS, OSS and network domains. Customers who adopt our latest products such as our Customer Engagement Platform, Amdocs CPQ Pro, Amdocs Catalog or Amdocs Intelligent Network Suite will therefore benefit from embedded, native generative AI-powered Copilot assistants.",0,1,1,0,0,0,0,0
119391,119391,2023-Apr-27-INTC.OQ-137819126577-transcript.txt,"Patrick P. Gelsinger,  Intel Corporation - CEO & Director    [3]", CEO & Director,"Notably, AI inference performance and confidential computing substantially differentiate our fourth gen Xeon from competitors. Specifically, fourth gen Xeon offers the most comprehensive confidential computing portfolio in the industry, including virtual machine isolation with Intel Trust Domain Extensions, or Intel TDX, and trust attestation services. Just this week, leading cloud service providers signaled readiness for Intel TDX instances, including Alibaba Cloud, with Microsoft announcing their preview on Azure and Google releasing joint research conducted prelaunch to further harden TDX in complex environments. ",0,0,1,0,0,0,0,0
102406,102406,2021-Sep-02-MDB.OQ-139165015831-transcript.txt,"Dev C. Ittycheria,  MongoDB, Inc. - President, CEO & Director    [3]"," President, CEO & Director","MongoDB has powered the company's SaaS platform from its inception, and this quarter, DataRobot migrated from MongoDB Community Edition to Enterprise Advanced for compliance, encryption features and support. Our enhanced relationship will help DataRobot continue to innovate and support its global customer base as users who are using AI to transform their businesses.",0,0,0,1,0,0,0,0
156767,156767,2024-Jul-18-RGP.OQ-139572531136-transcript.txt,"Bhadreskumar Patel,  Resources Connection Inc - Chief Operating Officer    [3]", Chief Operating Officer,"Our consulting service offerings are focused in the areas of finance and accounting, risk assurance, digital data and AI, supply chain, as well as implementation expertise in SaaS platforms such as ServiceNow, Akumina, Uniform, SAP, Oracle, and Workday.",0,0,0,1,0,0,0,0
135028,135028,2023-May-09-CRNC.OQ-138746656440-transcript.txt,"Stefan Ortmanns,  Cerence Inc. - President, CEO & Director    [3]"," President, CEO & Director","In fact, one of our customers compared our EVD solution to 2 others, and our AI-based technology came out on top. The other significant advancement we made in the quarter was with our voice biometrics capability. We have developed an updated version of this technology. Much like fingerprinting is used for identification, our voice biometric product can identify unique human characteristics and person's voice that can be used for digitally identifying a person to provide access to systems, devices or data.  ",0,0,1,0,0,0,0,0
61405,61405,2019-Aug-01-WU.N-138587681507-transcript.txt,"Hikmet Ersek,  The Western Union Company - President, CEO & Director    [16]"," President, CEO & Director","What we have done is that over time, the WU Way activities, we learned a lot, and we're really taking this WU Way activities to the next level. During our first phase of WU Way, we invested back in the compliance, in GDPR, in privacy, in marketing activities, growing the westernunion.com to more countries. Here, what we have done is really taking this WU Way -- our learnings and taking the WU Way to the next level actually. And we trained 6,000 people. They are all Lean manager-trained. We trained -- looking at the process in a different way. And we found -- identified the last -- we've been working a longer time on that and really identified additional opportunities around this business more efficient and so using more technology in a -- technology in a more efficient way, consolidating some of the offices and using more artificial intelligence. We really identified them, and that's a result of -- first results of the global strategy. ",0,0,0,0,1,0,0,0
153289,153289,2024-Feb-20-HCKT.OQ-139265938729-transcript.txt,"Ted A. Fernandez,  The Hackett Group, Inc. - Co-Founder, Chairman & CEO    [5]"," Co-Founder, Chairman & CEO","As we look forward, let me share our thoughts on the near and long-term demand environment and the growth opportunities it offers our organization. Although demand for digital transformation remains strong, it continues to be impacted by extended decision-making as organizations assess competing priorities created by high interest rates and the demand disruption, which it is intended to affect. Digital innovation and enterprise cloud applications, analytics and artificial intelligence as well as workflow automation are dramatically influencing the way businesses compete to deliver their services. ",0,0,1,0,0,0,0,0
110439,110439,2022-Jun-08-YEXT.N-138442304416-transcript.txt,"Marc Ferrentino,  Yext, Inc. - President & COO    [4]", President & COO,"One deal that I'm very excited about for what it says about how far our search offering has come in just a few years, was with a large global appliance company. The team did a thorough assessment of the market, speaking with most of our competitors and looking for a search partner who could handle support search and e-commerce search. They ran a competitive process, and ultimately, we were selected. With the additional features in our Winter and Spring releases, we can now match every player in the market in security while our AI search features continue to differentiate us from the pack. ",0,0,1,0,0,0,0,0
111469,111469,2022-Mar-17-INOD.OQ-138320757547-transcript.txt,"Jack S. Abuhoff,  Innodata Inc. - President, CEO & Director    [3]"," President, CEO & Director","We're also seeing significant expansion in another top 5 tech company that we began providing AI data annotation services to in the second half of last year. Today, we are providing this company data annotation services for content moderation, intelligent document understanding and computer vision. And we believe that this relationship will continue to grow in 2022.",0,0,0,1,0,0,0,0
135118,135118,2023-May-09-HCKT.OQ-140609162015-transcript.txt,"Ted A. Fernandez,  The Hackett Group, Inc. - Co-Founder, Chairman & CEO    [5]"," Co-Founder, Chairman & CEO","However, it continues to be a clear strategic priority for our clients. Digital innovation and enterprise cloud applications, analytics and artificial intelligence, cloud infrastructure and workflow automation are dramatically influencing the way businesses compete and deliver their services. Digital transformation is redefining all activities at an accelerated pace, forcing organizations to fundamentally change and adopt these new capabilities to remain competitive and to realize targeted productivity gains.",0,0,0,1,0,0,0,0
111720,111720,2022-Mar-29-CORZ.OQ-139481467579-transcript.txt,"Michael Jeffrey Levitt,  Core Scientific, Inc. - Co-Founder, Co-Chairman & CEO    [2]"," Co-Founder, Co-Chairman & CEO","We believe that net carbon-neutral operation is important for the communities in which we operate for our industry, and for the greater good. We achieved net carbon neutral status by purchasing renewable energy certificates based on our consumption of energy from carbon-emitting sources. In addition to our self-mining and hosting businesses, we also have a team of over 30 blockchain and financial technology experts who are developing innovative products at the intersection of blockchain, finance and AI. While its financial impact is not yet material, we engage in network services such as staking and keeping to determine what innovative products and services may lead to the expansion of the blockchain ecosystem and to new business opportunities. ",0,0,1,0,0,0,0,0
133310,133310,2023-May-02-SPT.OQ-141129528426-transcript.txt,"Arjun Rohit Bhatia,  William Blair & Company L.L.C., Research Division - Co-Group Head of the Technology, Media, and Communications Sector & Analyst    [14]"," Co-Group Head of the Technology, Media, and Communications Sector & Analyst",Perfect. That's helpful. And then you announced this partnership with OpenAI and you're starting to -- it seems like thinking about integrating some generative AI capabilities into the platform. How do you think the advent of generative AI might actually change the role of social media management or a marketing department? And how do you position Sprout kind of to be aligned with some of those trends longer term?,0,0,1,0,0,0,0,0
121033,121033,2023-Aug-03-DOCN.N-140977603559-transcript.txt,"Yancey L. Spruill,  DigitalOcean Holdings, Inc. - CEO & Director    [3]", CEO & Director,"We have also been focused on leveraging our balance sheet to accelerate our business with the acquisition of Paperspace, which positions us with immediate offerings in the rapidly growing market for artificial intelligence and machine learning application development. In Q2, we delivered a quarter with an attractive combination of growth and profitability.",0,0,0,1,0,0,0,0
130287,130287,2023-Jul-31-DV.N-137672057402-transcript.txt,"Mark S. Zagorski,  DoubleVerify Holdings, Inc. - CEO & Director    [3]", CEO & Director,"The acquisition of Scibids represents the latest and potentially most impactful of these evolutionary investments to unlock even greater value in these proprietary data assets. Scibids is a cutting-edge, Paris-based startup founded by a team of data science PhDs and machine learning engineers who are driven to bring programmatic advertising into the AI age. Scibids builds independent AI that automates and optimizes programmatic buying of digital ad campaigns agnostically across demand-side platforms. Their AI dynamically generates custom bidding algorithms aligned with client KPIs and desired outcomes. ",1,0,0,0,1,0,0,0
25811,25811,2016-Dec-15-ADBE.OQ-137170490649-transcript.txt,"Shantanu Narayen,  Adobe Systems Inc. - President and CEO    [3]", President and CEO,"Adobe's  success has been a result of our ability to predict the future. While others are jumping on the machine learning  and the AI bandwagon,  these capabilities have been the foundation of our innovation for decades. Our engineers and scientists are squarely focused on harnessing the massive volume of content and data assets captured in our cloud solutions to tackle today's complex experience challenges. ",1,0,1,0,0,0,0,0
148811,148811,2024-Aug-08-EPAM.N-138160576046-transcript.txt,"Arkadiy Dobkin,  Epam Systems Inc - Chairman of the Board, President, Chief Executive Officer    [3]"," Chairman of the Board, President, Chief Executive Officer","Finally, all that in turn allows us to enable dimension 3 for AI transformation, extended client network, first of all, because we saw that we are very practical in our approach. Our technology and AI transformation program are much larger and more complex today than where we started just a few quarters ago and encompasses both consulting and engineering services as well as a broader range of partnerships.",0,0,1,0,0,0,0,0
38426,38426,2017-Feb-21-FUEL.O^I17-139158470516-transcript.txt,"Stephen Snyder,  Rocket Fuel Inc. - CFO    [5]", CFO,"It is our AI's augmenting them to be smarter about their insights about how their campaigns work, what is their identity management and how they act in engagement with those consumers broadly. The other thing I make note of broadly is that our North America holding company was up 25% a year over year as well. ",0,1,0,0,1,0,0,0
78120,78120,2020-Feb-25-VICR.OQ-140190829038-transcript.txt,"Patrizio Vinciarelli,  Vicor Corporation - Founder, Chairman, CEO & President    [61]"," Founder, Chairman, CEO & President","I'll make one comment with respect to the strategy. We're the only company that has the breadth of capabilities to address general power system needs with a power component methodology that spans the gamut from 480-volt AC sources all the way to, as Phil was saying earlier, 0.35-volt subthreshold implementations of AI chips. And the RFM is a key element of that strategy. It's, if you will, the jumbo jet that takes the power to an efficient hub, which is 48-volt, all the way to the point-of-load.",0,0,1,0,0,0,0,0
162048,162048,2024-May-02-BILL.N-140079091761-transcript.txt,"Rene A. Lacerte,  BILL Holdings, Inc. - Founder, CEO & Chairperson of the Board    [3]"," Founder, CEO & Chairperson of the Board","Our artificial intelligence engine and large scale help us deliver significant value to our customers. AI is deeply embedded across our platform to connect businesses, automate their operations and accelerate their ability to make payments. Our AI engine has been uniquely trained on our proprietary data assets, including more than 300 million transactions across an array of payment modalities and over 0.5 billion documents.",0,1,1,0,0,0,0,0
47722,47722,2018-Aug-01-MCHX.OQ-137229680248-transcript.txt,"Michael A. Arends,  Marchex, Inc. - CFO & Member of the Office of the CEO    [3]", CFO & Member of the Office of the CEO,"Now our emerging AI innovation and machine learning capabilities position us to become a market leader in this space, one that can solve complex ongoing problems for enterprise brands with understanding consumer conversations. Our platform processes enterprise-scale speech data across millions of calls to give our customers insights into how they operate their business at a granular level. For example, we can pinpoint specifically how they're missing out on transactions and resulting revenue opportunities made over the phone. And we can tell them why and what to do about it.",0,0,1,0,0,0,0,0
135415,135415,2023-May-09-RDVT.OQ-138296731423-transcript.txt,"Derek Dubner,  Red Violet, Inc. - Chairman & CEO    [3]", Chairman & CEO,"We believe our AI ML powered platform, proprietary linking algorithms and unified data assets provide best-in-class solutions and value to the markets we serve. Recall from the fourth quarter of 2021 we provided some detail around the top customer that was acquired by a large information solutions provider. As part of the acquirers cross-cutting initiatives, the acquirer sought to utilize its own data and much less of ours. At that time, this customer contributed approximately $600,000 in revenue per quarter. And upon the acquisition, we lost substantially all of that revenue.",0,0,1,0,0,0,0,0
39590,39590,2017-Jul-18-IBM.N-139914586585-transcript.txt,"Martin J. Schroeter,  International Business Machines Corporation - CFO and SVP    [3]", CFO and SVP,"In this quarter, we added new partners like LivePerson, which provides a conversational platform used for the customer care needs of over 18,000 businesses. Given the growing relevance of AI in digital channels, they announced a new offering called LiveEngage with Watson to transform the customer care space. LiveEngage can offer intelligent, personalized digital support to each customer. This is an appealing market. The value Watson provides depends on the complexity of the conversation. So the number of API calls can vary, but we have the potential to deliver value from every digital conversation. This will scale as more of today's 270 billion customer support phone calls shift to digital interactions.",0,1,0,0,1,0,0,0
84367,84367,2020-Nov-05-MNTV.OQ^F23-140996535891-transcript.txt,"Thomas E. Hale,  SVMK Inc. - President    [4]", President,"With the new look and feel, new Salesforce-focused capabilities and the deep feature set from the GetFeedback and Usabilla acquisitions, the GetFeedback platform includes GetFeedback Direct, GetFeedback Digital, GetFeedback Analytics and GetFeedback Actions, enabling customers to capture feedback across all channels, analyze for trends and most importantly, take action based on customer feedback; a cohesive user experience to manage CX programs across any digital channel; a new analytics experience combining feedback from any channel with AI-powered text analysis and the power to segment by varying customer attributes; and the ability to unify CX data and customer attributes in one place, automate CX programs and integrate with systems of record like Salesforce, Microsoft and Slack. ",0,1,1,0,0,0,0,0
122112,122112,2023-Aug-07-TDC.N-138793964979-transcript.txt,"Stephen McMillan,  Teradata Corporation - President, CEO & Director    [52]"," President, CEO & Director","Thank you, and thanks, everyone, for joining us today. We're really pleased with our continued innovation and progress in Q2. There's a strong customer adoption of our VantageCloud Analytics and data platform, and as customers recognize its differentiated benefits, we're seeing really healthy expansion rates. We've got unmatched years of experience in handling the most complex data challenges and providing trusted data at massive scale and we believe we are uniquely positioned to help companies take advantage of the emerging world of AI. We're really confident in our strategy and in our commitment to meet our year-end guidance as we execute our plan. And we're all looking forward to speaking again with you next quarter. Thank you so much.",0,0,0,0,0,0,0,1
119173,119173,2023-Apr-26-SNBR.OQ-140338824740-transcript.txt,"Shelly R. Ibach,  Sleep Number Corporation - CEO, President & Chair    [3]"," CEO, President & Chair","All our new smart beds will also feature ceramic gel infused foam layers that help balance temperature to stay comfortably cool all night. In addition, the next-gen smart beds benefit from our new health and wellness technology platform, which was introduced in October 2022 with our Climate 360 smart bed. The integration of physical and digital technologies creates our Smart Bed ecosystem by combining AI and machine learning algorithms to support future digital products and services. We are introducing these innovations with a new sleep next-level advertising campaign that showcases one of our smart sleeper couple award-winning actress, Gabrielle Union Wade, and her husband MBA Hall of Famer, Dwyane Wade. With more than 80 million social media followers, they bring authenticity and credibility to the smart bed features and benefits highlighted in this campaign. Our consumer research indicates strong alignment between benefit messaging, relatability, and consumers' heightened interest in their improved well-being. ",0,0,1,0,0,0,0,0
59988,59988,2019-Apr-01-MARK.PK-137417498546-transcript.txt,"Kai-Shing Tao,  Remark Holdings, Inc. - Chairman & CEO    [2]", Chairman & CEO,"Building on our success to date, we are continuing to work closely with our client to further integrate our AI products deeper into their operations and expand into more superstores and convenience stores. ",0,0,1,0,0,0,0,0
165649,165649,2024-May-15-REKR.OQ-138802986672-transcript.txt,"David Desharnais,  Rekor Systems Inc - President and Chief Operating Officer    [3]", President and Chief Operating Officer,Let's take a broader view for a moment. Why is Rekor so committed to deploying its edge AI and IoT devices nationwide and offering a diverse array of solutions to departments of transportation?,0,0,1,0,0,0,0,0
166393,166393,2024-May-30-AMBA.OQ-140101960407-transcript.txt,"Feng-Ming Wang,  Ambarella Inc - Chairman of the Board, President, Chief Executive Officer    [3]"," Chairman of the Board, President, Chief Executive Officer","At the Beijing Auto Show in April, Tier1 Neusoft Reach announced a strategic partnership with Ambarella. The company's plan to expand on their existing relationship to jointly promote and explore AI-base product technology and market development in our areas, including autonomous driving and driver monitoring.",0,0,0,1,0,0,0,0
120269,120269,2023-Aug-02-DT.N-140659983108-transcript.txt,"Rick M. McConnell,  Dynatrace, Inc. - CEO & Director    [29]", CEO & Director,"Yes. I don't want to spend too much time on that other than to say that our view is that our hypermodal AI approach, we do believe to be radically different from other solutions and announcements in the market in the sense that it brings together multiple different AI techniques, and those techniques include what we've been doing for more than a decade with causal and predictive AI linked into what we expect to GA by the end of the year, the end of the calendar year, which is the generative AIPs. Putting those together, we believe, gives us a very, very strong platform for AI being an enormous ongoing differentiator for Dynatrace as it has been really throughout our history.",0,0,1,0,0,0,0,0
90795,90795,2021-Dec-01-SNPS.OQ-140843497786-transcript.txt,"Aart J. de Geus,  Synopsys, Inc. - Co-Founder, Chairman & Co-CEO    [3]"," Co-Founder, Chairman & Co-CEO","Another new era showing great promise is our Silicon Lifecycle Management Platform, which monitors, analyzes and optimizes chips throughout their life span. The adoption of key sensor IP accelerated during this year with 25 new logos, and we recently added AI-powered real-time system optimization for infield applications with the acquisition of ConcertIO. ",0,0,1,0,0,0,0,0
146550,146550,2024-Aug-01-IRM.N-141118463218-transcript.txt,"William Meaney,  Iron Mountain Inc - President, Chief Executive Officer, Director    [3]"," President, Chief Executive Officer, Director","Our unique offering, revolutionizes document processing services for both physical and digital documents. We have achieved this by employing our proprietary leading edge AI powered intelligent document processing, built into our insight platform.",0,0,1,0,0,0,0,0
121801,121801,2023-Aug-04-TTEC.OQ-139434375691-transcript.txt,"Michelle R. Swanback,  TTEC Holdings, Inc. - President & CEO of TTEC Engage    [4]", President & CEO of TTEC Engage,"Now let's review second quarter results and highlights from our Engage business, where we continue to make progress on our top priorities that include accelerating expansion of our global geographic footprint and language capabilities. deepening our specialized end-to-end solutions and resilient vertical and leading responsible adoption of AI with our knowledge workers. This quarter, we closed 6 new logos in our Engage business and 4 of them included offshore services. Increasingly, we're being chosen for our deep vertical expertise and technology-enabled solutions that are industry specific. Let me highlight 3 wins that I'm particularly excited about. In our banking, financial services and insurance vertical, we landed a large property and casualty deal with ample runway for growth. This is the first time that this insurer will be servicing U.S.-based customers with associates outside of the U.S. ",0,0,0,0,1,0,0,0
134408,134408,2023-May-04-TDC.N-141167920198-transcript.txt,"Stephen McMillan,  Teradata Corporation - President, CEO & Director    [3]"," President, CEO & Director","We also announced the integration of VantageCloud with Microsoft Azure and machine learning. We are combining the scalability and openness of Teradata VantageCloud and ClearScape analytics with Azure MLs ability to simplify and accelerate the ML life cycle. Together, we are providing a platform designed to ensure that customers can execute complex analytics and AI/ML on massive data sets and in corporate they preferred data science tools, including Azure ML. This helps customers unlock the potential of their AI/ML investments as they deploy sophisticated models, including generative models and production, faster and with confidence.",0,1,1,1,0,0,0,0
156664,156664,2024-Jul-16-UNH.N-141007864253-transcript.txt,"Andrew Philip Witty,  UnitedHealth Group Incorporated - CEO & Non-Independent Director    [2]", CEO & Non-Independent Director,"We also continue to bring practical innovation to people through new products and services, and by using new and emerging technologies to improve our own operating efficiency. For example, Surest continues to differentiate itself in the marketplace, which is why more and more customers are offering it to their employees and why the offering continues to grow substantially. Additionally, investments in modernization of legacy technology and new emerging technologies are enabling our consumer-centric advancement of healthcare. For example, our growing AI portfolio of made up of hundreds of practical use cases will generate billions of dollars of efficiencies over the next slide several years.",0,0,1,0,0,0,0,0
92786,92786,2021-Feb-25-INTZ.OQ-137676678233-transcript.txt,"Jack B. Blount,  Intrusion Inc. - President, CEO & Director    [4]"," President, CEO & Director","AI can tell you, as we're proving with 5 9s of accuracy, whether that's good or bad data. So you have to think about Shield as the combination of 25 years of R&D, 25 years of product and development, 25 years of expertise around cybercrime, combined into a single product that works as the only -- I'll say again, the only cybersecurity product on the planet that real-time opens every packet of data coming on to your network or going off of your network, inspects it and makes a decision as to whether it passes it or kills it in real time. Not later, not by somebody looking at an alert, not by studying logs later, but real time, it happens. And it's 5 -- got 5 9s of accuracy. And again, as I've told you before, in that rare occasion that we would kill a session that an employee feels is valuable and necessary for them to do their work, they can real-time, override the computer's decision to kill that session and reactivate it and continue working. So an employee is never going to be bothered by our technology.",0,0,1,0,0,0,0,0
155454,155454,2024-Feb-29-OB.OQ-139270656678-transcript.txt,"David Kostman,  Outbrain Inc - Co-CEO & Director    [3]", Co-CEO & Director,"Outbrain is well positioned to capitalize on this opportunity, providing a single access point for advertisers. We have an excellent starting point due to our foundational business asset and core AI prediction technology, which has been developed over the last 17 years. First, we are one of the very few companies on the Open Internet with a critical mass of exclusive code on page inventory across some 8,000 publishers. This yields valuable proprietary data around consumer interest and engagement.",0,0,1,0,0,0,0,0
160662,160662,2024-Mar-14-PD.N-140954669752-transcript.txt,"Jennifer G. Tejada,  PagerDuty, Inc. - Chair of the Board & CEO    [2]", Chair of the Board & CEO,"This customer's use case is an appropriate analog for the long-term tailwind generative AI presents for our business. With the added complexity caused by both the volume of software created and the frequency of code updates that generative AI enables, we see generative AI fostering demand for the Operations Cloud as it improves efficiency for developers, but also proliferates complexity and risk.",0,0,0,1,0,0,0,0
107694,107694,2022-Feb-16-NVDA.OQ-140007769507-transcript.txt,"Colette M. Kress,  NVIDIA Corporation - Executive VP & CFO    [5]", Executive VP & CFO,"Forrester Research, in its evaluation of Enterprise AI infrastructure providers, recognized NVIDIA in the top category of leaders. An example of a partner that's helping to expand our reach into enterprise IT is Deloitte, a leading global consulting firm, which has built its center for AI computing on NVIDIA DGX SuperPODs. At CES, we extended our collaboration to AV development, leveraging our own robust AI infrastructure and Deloitte's team of 5,500 system integration developers and 2,000 data scientists to architect solutions for truly intelligent transportation. ",0,0,1,1,0,0,0,0
132894,132894,2023-Mar-30-XTIA.OQ-137775886552-transcript.txt,"Nadir Ali,  Inpixon - CEO & Director    [3]", CEO & Director,"Leveraging this data and analytics allows for smarter decisions around changing and enhancing processes and procedures. With deeper automations and more integration, organizations can address even more use cases by taking full advantage of their initial RTLS investment. This is how the power of Indoor Intelligence can be extended and fully realized. Our single full stack platform enables these integrations and automation to address a multitude of key customer challenges. And as we integrate the artificial intelligence capabilities we've been exploring, we expect to further increase locational precision and will unlock advanced capabilities never before possible. ",0,0,1,0,0,0,0,0
71799,71799,2019-Nov-14-SMCI.OQ-139803867572-transcript.txt,"Charles Liang,  Super Micro Computer, Inc. - Founder, President, CEO & Chairman of the Board    [3]"," Founder, President, CEO & Chairman of the Board","Super Micro has long [known] that application optimized products will maximize our growth. We continue to develop new products and solution offerings across major servers and storage markets, including total solution, AI machine learning, 5G, IoT and data centers. Combining the advantages that were introduced to our green computing and resource savings platform. We delivered completed solution offerings with Red Hat, VMWare, NVIDIA and SAP, providing certified and tested configurations that can reduce risk and accelerate ROI for our customers. Our [outlined] (inaudible) hyper-converged infrastructure continue to be the most optimized solution for new generation solid customers, delivering the best-in-class features, support hot-swappable NVMe, flexible I/O and high TDP of Intel second-generation Xeon Scalable processors. ",0,0,0,1,0,0,0,0
68343,68343,2019-May-02-GSHD.OQ-140375440837-transcript.txt,"Michael C. Colby,  Goosehead Insurance, Inc - President & COO    [4]", President & COO,"Additionally, we're scheduled to launch our first artificial intelligence application, focused on improving client retention in our service centers. This will provide actionable insight, real time, to our service agents, allowing them to identify and address issues with our clients that will increase the likelihood of them renewing with us. And while client retention is the single longest economic lever in our business, we believe this to be the first of many use cases for AI to assist with driving higher levels of performance across our entire business.",1,1,1,0,1,0,0,0
147504,147504,2024-Aug-06-III.OQ-140744544292-transcript.txt,"Michael Connors,  Information Services Group Inc - Chairman of the Board, Chief Executive Officer, Treasurer, Secretary    [48]"," Chairman of the Board, Chief Executive Officer, Treasurer, Secretary","          Okay, thanks. First of all, on the AI if you will, we are developing our internal team and training them up on AI. We have a full AI training university that we are sending many of our consultants through. And so our first of course of talent is our workforce globally around the world.",0,0,0,0,1,0,0,0
46683,46683,2018-Apr-17-IBM.N-137860631776-transcript.txt,"James J. Kavanaugh,  International Business Machines Corporation - Senior VP & CFO    [3]", Senior VP & CFO,"Our first quarter results reflect much of the work we've done to reposition our portfolio and our skills to address the secular trends in the market led by the phenomenon of data. We've been building new platforms and solutions while modernizing existing ones, embedding cloud and AI into more of what we offer. And so IBM is now a Cognitive Solutions and cloud platform company focused on the high-value areas of IT.",0,0,1,0,0,0,0,0
86423,86423,2020-Oct-29-BL.OQ-138417848955-transcript.txt,"Marc E. Huffman,  BlackLine, Inc. - President, COO & Director    [4]"," President, COO & Director","In the months since we announced the acquisition, the reaction from customers has been overwhelmingly positive, which further validates our view that the accounts receivable market is a compelling space to enter. One of the things that excites us most about Rimilia is their shared passion for finance and accounting transformation through intelligent automation. Rimilia's AI-powered accounts receivable automation has created great value for its more than 100 customers.",0,0,1,0,0,0,0,0
120792,120792,2023-Aug-03-ALTR.OQ-140763839361-transcript.txt,"James R. Scapa,  Altair Engineering Inc. - Founder, Chairman & CEO    [3]"," Founder, Chairman & CEO","This technology enhances our ability to support the fast-growing use of digital twin solutions, simulation and test data management and AI with an open architecture that provides a traceable ecosystem to track performance, cost and mass of a product. We believe the addition of OmniV to our already powerful offering helps to position Altair as having the most comprehensive digital twin solution in the market. OmniV will be available via Altair units, integrated into Altair's digital twin solution set and accessible via Altair 1 Alters Cloud Innovation Gateway. ",0,0,1,0,0,0,0,0
37573,37573,2017-Feb-02-IT.N-137174352302-transcript.txt,"Gene Hall,  Gartner, Inc. - CEO    [5]", CEO,"They're increasingly using artificial intelligence and machine learning. They also have a rapidly changing regulatory environment they need to keep abreast of. The advent of cloud computing has enabled new types of HR tools, such as Workday a core HR platform, Avature which supports candidate CRM or Cornerstone a talent management system that is addresses work force learning and development. ",0,0,0,0,1,0,0,0
124346,124346,2023-Aug-17-BILL.N-137714063447-transcript.txt,"Rene A. Lacerte,  BILL Holdings, Inc. - Founder, CEO & Chairperson of the Board    [3]"," Founder, CEO & Chairperson of the Board","Our large-scale 2-sided network serves as a key pillar for frictionless connections and secure payment transactions. It frees our AP and AR customers from the need to share bank information with each other. It acts as a payment choice switchboard, enabling both customers and network members to choose their preferred method of payment. Our network doesn't require a subscription, is accounting software-agnostic and even works when businesses don't have a general ledger assistant. With its ease of use, tens of millions of transactions flow through our network each year. This creates a valuable data asset that we apply our AI engine to, which enables us to develop better user experiences such as auto matching customers and suppliers out of populating invoices no matter how they are received, managing risk and providing payment and funding choices for customers and network members. ",1,1,0,0,0,0,0,0
124765,124765,2023-Aug-29-BOX.N-138553849341-transcript.txt,"Aaron Levie,  Box, Inc. - Co-Founder, CEO & Director    [3]"," Co-Founder, CEO & Director","In a joint report, we recently released with IDC. IDC found that 90% of the company's data is in unstructured information, and that number is growing by 28% to over 73,000 exabytes in 2023. And with Box AI, we will transform our customers' ability to gain productivity and insight from their data. The need to manage, secure, automate, collaborate and bring intelligence to this information is more important than ever before, and Box is uniquely positioned to help enterprises solve these challenges and transform how they work. ",0,0,1,0,0,0,0,0
122383,122383,2023-Aug-08-DDOG.OQ-137330510677-transcript.txt,"Olivier Pomel,  Datadog, Inc. - Co-Founder, CEO & Director    [3]"," Co-Founder, CEO & Director","Now let's move on to R&D. Last week, we had our DASH user conference and introduced a number of exciting new products and features for our users. To kick off our keynote, we launched our first innovation for generative AI and large language model. We showcased our LLM observability product, enabling ML engineers to safely deploy and manage their model in production. This includes the model catalog, centralized place to view and manage every model in every state of our customer development pipeline, analysis and insight on model performance, which allows all engineers to identify and address performance and quality issue with the model themselves; and help identify model drift, the performance degradation that happens over time as model interacts with the world data.  ",0,0,1,1,0,0,0,0
166469,166469,2024-May-30-ASAN.N-140757461037-transcript.txt,"Jackson Ader,  KeyBanc Capital Markets Inc. - Analyst    [17]", Analyst,"Number one, do you think that the core work management or collaboration tool, the core Asana, needs to reach some sort of critical mass within an enterprise for then the customer to grant your AI technology access to the systems of records that you will need in order to drive value for them?",0,0,1,0,0,0,0,0
165011,165011,2024-May-09-SOUN.OQ-139806044875-transcript.txt,"Nitesh Sharan,  SoundHound AI Inc - Chief Financial Officer    [4]", Chief Financial Officer,"Our AI solutions attractively reside at a critical intersection. Macro factors like persistent inflation and wage pressures drive many of our customers towards automation for productivity. Concurrently, consumer demand for increased speed and convenience drive our customers towards automation to accelerate throughput and increase revenue.",0,0,1,0,0,0,0,0
146471,146471,2024-Aug-01-GEN.OQ-140666158939-transcript.txt,"Vincent Pilette,  Gen Digital Inc - Chief Executive Officer, Director    [40]"," Chief Executive Officer, Director","We have a compelling AI enabled product roadmap, focus on security, financial safety, personal data control and verification. Our go-to-market strategies effective, and we have a long track record of serving our customers.",0,0,1,0,0,0,0,0
115789,115789,2022-Nov-08-AIOT.OQ-138597135216-transcript.txt,"Steve Towe,  PowerFleet, Inc. - CEO & Director    [4]", CEO & Director,"PowerFleet Unity brings people, assets and data together on a single intelligent platform to transform business operations. PowerFleet Unit's cognitive data engine applies AI and ML to provide traditional operational benefits as well as new data applications to solve some of the industry's most intractable challenges such as safety and risk management, advanced fuel management, sustainability, the move to electric vehicles, optimize fleet performance, fleet compliance and maintenance.",0,0,1,0,0,0,0,0
133895,133895,2023-May-04-BRKR.OQ-138807640919-transcript.txt,"Frank H. Laukien,  Bruker Corporation - Chairman, CEO & President    [3]"," Chairman, CEO & President","So this is an important further enhancement of our consumables and automation and sample prep business at PreOmics. Switching to software in support of immunopeptidomics, which is very important in research and I think now for the first time has reached the sensitivity and throughput levels where it could really be used on small tumor biopsy samples. We collaborate with an external Canadian company that provides the Novor algorithm for AI informed and GPU-enabled immunopeptidomics.",0,0,1,0,0,0,0,0
121155,121155,2023-Aug-03-GDYN.OQ-140937265650-transcript.txt,"Leonard Livschitz,  Grid Dynamics Holdings, Inc. - CEO & Director    [2]", CEO & Director,"With artificial intelligence, we're also engaged with a high-end apparel company in Netherlands in our domaining process description using product attributes and images. And finally, with European-based global truck manufacturer, part of our growth and have become a significant contributor to lead generation.",0,0,0,1,0,0,0,0
159359,159359,2024-Jun-13-ADBE.OQ-137459600750-transcript.txt,"Shantanu Narayen,  Adobe Inc - Chairman of the Board, Chief Executive Officer    [43]"," Chairman of the Board, Chief Executive Officer","So with that sort of as a broad segment, I am a big believer that generative AI is going to, for all the categories that we're in, it's actually going to dramatically expand the market because it's going to make our products more accessible, more affordable, more productive in terms of what you -- what we can do. I'm still acting CMO at the company, and I see the excitement around how we can, with agility, create way more content, create variations.",0,0,1,0,1,0,0,0
118427,118427,2023-Apr-11-SKIL.N-139570406102-transcript.txt,"Jeffrey R. Tarr,  Skillsoft Corp. - CEO & Director    [3]", CEO & Director,"We have much in our product line that utilizes this important technology for the benefit of customers, learners and ultimately, our shareholders. And since Skillsoft owns both our content and our industry-leading AI-driven platform, we believe we are uniquely well positioned to be a leader in this area. The investments in our content and platform are foundational to our innovation, growth and market leadership agenda. In addition to creating a more differentiated product portfolio and learning suite, these investments are also driving higher learner and customer satisfaction, which are translating into stronger DRR performance. We remain committed to continuing to enhance our portfolio and profile in the market and strengthening our position as an innovative forward-thinking enterprise learning leader that helps customers transform their workforce. ",0,1,1,0,0,0,0,0
95085,95085,2021-Mar-01-AI.N-136936786383-transcript.txt,"Thomas M. Siebel,  C3.ai, Inc. - Founder, CEO & Chairman of the Board    [3]"," Founder, CEO & Chairman of the Board","Big picture, we see a robust and growing interest in enterprise AI software, the solutions that we offer. We continue to make significant progress on all fronts in our objective to establish and maintain a global leadership position in enterprise AI. We continue to aggressively grow the company, diversify our business across industries and geographies and expand our partner ecosystem. We believe we are very well positioned to address this $200 billion-plus addressable market opportunity, and we are just getting started.",0,0,0,1,0,0,0,0
132324,132324,2023-Mar-15-PD.N-140794186279-transcript.txt,"Jennifer G. Tejada,  PagerDuty, Inc. - CEO & Chair of the Board    [9]", CEO & Chair of the Board,"Well, for sure, AI has been a mainstay alongside of automation in every part of our platform, and it's an area that we continue to invest in. I think one of the places where we were early was in building a foundational data model to support our customers and moving from simply responding faster to issues as they arise to actually proactively preventing those issues from the coming major customer impacts. And that has been through leveraging AI in incident response, in AIOps, in parts of our automation product and increasingly in customer service. ",0,1,1,0,0,0,0,0
85141,85141,2020-Nov-12-AMWL.N-139707020284-transcript.txt,"Ido Schoenberg,  American Well Corporation - Chairman & Co-CEO    [31]", Chairman & Co-CEO,"The second element is care itself is going to rely less on people and more on automation. So if patient care today really includes almost holistically an interaction with a person that is very, very expensive and not necessarily accessible, a lot of the interaction will leverage all the goodness of AI and analytics and many other tools that are going to make the human time much less than the automated time much more. ",0,0,1,0,0,0,0,0
110647,110647,2022-Mar-01-HPE.N-139977308915-transcript.txt,"Antonio Fabio Neri,  Hewlett Packard Enterprise Company - CEO, President & Director    [3]"," CEO, President & Director","We put specific goals for our sales force every week that we track very closely. Tarek runs a very tight process on that. And we have always exceeded every week's forecast. And the feedback is driven by the following: number one, obviously, we know digital transformation is getting stronger and stronger out there, and it's driven by the fact that you've got to digitize your process to be competitive; number two, data continue to explode everywhere, and that means that they need more capacity to store the data, but most importantly, process that data at the pace we haven't seen before, and that's a combination of AI, analytics, deep learning at scale and obviously, a lot of compute power; the third piece, obviously, as I said in my remarks, is that the edge continue to grow very, very rapidly. And in order to transform in a digital environment, you need connectivity. Without being connected, you don't have the on-ramp into this digital transformation. ",1,0,0,0,0,0,0,0
97929,97929,2021-May-12-RNWK.OQ^L22-139022579643-transcript.txt,"Michael J. Ensing,  RealNetworks, Inc. - President & COO    [4]", President & COO,"I'll now turn to a discussion of SAFR's global commercial business and partnerships. As a reminder, the SAFR commercial business focuses on a variety of use cases, including secure access, authentication, surveillance watch list and embedded applications with our SAFR Inside initiative. During the quarter, we made several advancements with key partners. We recently announced a partnership with GeutebrÃ¼ck, an international provider of proprietary, high-performance video security and software and hardware. SAFR has been integrated as an AI layer on top of GeutebrÃ¼ck's video management system to provide advanced video analytics for surveillance operations, saving both time and increasing efficiencies.  ",0,0,0,1,0,0,0,0
164675,164675,2024-May-09-KLDI.PK-138137084645-transcript.txt,"Christopher Weiler,  KLDiscovery Inc - Chief Executive Officer, Co-Founder    [3]"," Chief Executive Officer, Co-Founder","We continue to invest heavily in Nebula, which when coupled with our one-of-a-kind client portal and extensive use of artificial intelligence strengthens the user experience and creates new opportunities for KLD to complete the value chain for our clients. As a result, Nebula is becoming the preferred solution for many of our existing customers and continues to attract new customers.",0,1,1,0,0,0,0,0
155355,155355,2024-Feb-29-HPE.N-138345906087-transcript.txt,"Antonio Fabio Neri,  Hewlett Packard Enterprise Company - CEO, President & Director    [3]"," CEO, President & Director","In the quarter, we expanded our strategic collaboration with NVIDIA targeting the enterprise segment of the market. We introduced a preconfigured solution for enterprise customers to fine-tune AI large language models with their private data to accelerate inferencing. Our HPE machine learning development environment software and unique HPE supercomputer and IP are critical parts of the solution, alongside NVIDIA AI Enterprise software. We have built a strong and growing sales pipeline for this new offering.",0,0,0,1,0,0,0,0
148134,148134,2024-Aug-07-FROG.OQ-140063583258-transcript.txt,"Shlomi Ben-Haim,  Jfrog Ltd - Chairman of the Board, Chief Executive Officer, Co-Founder    [70]"," Chairman of the Board, Chief Executive Officer, Co-Founder","          If I may, Rob, on the integration and the solution to the market, it's not a matter of MLOps, yes or no. It will be adopted. It will be. And as you know and as we announced in the previous quarters, we integrated with MLflow, we integrated with AWS Pagemaker and with Qwak. So this is based not only on the trends in the market of adopting AI technologies, but also it's that, it's a very logical next leap forward for JFrog. Artifactory is already serving as the model registry of choice. X-ray is already scanning your model. So improving or expanding our platform was a mandatory next step forward for JFrog. And as Ed mentioned, once the integration will be completed, we will also share our expectations with you.",0,0,0,1,0,0,0,0
157425,157425,2024-Jul-25-HON.OQ-139229128183-transcript.txt,"Vimal Kapur,  Honeywell International Inc - Chairman and Chief Executive Officer    [3]", Chairman and Chief Executive Officer,"We are also leveraging generating AI to maximize the potential benefit of our operating system, both for our customers and ourselves. As anticipated, accelerator is proving to be a powerful source of profitable growth across all our businesses as an important tool to successfully integrate the recent addition to our portfolio.",0,1,1,0,1,0,0,0
129913,129913,2023-Jul-27-JNPR.N-140154810535-transcript.txt,"Rami Rahim,  Juniper Networks, Inc. - CEO & Director    [24]", CEO & Director,"400-gig deployments in the wide area, for example, remain incredibly important, especially with cloud providers having to invest in new AI capabilities. Ultimately, that's going to generate more demand, traffic growth on their network across every use case. And the projects that were in place might have moved out in time, but they have not been eliminated. And it continues to be an intense area of focus for us at Juniper.",0,0,0,1,0,0,0,0
121511,121511,2023-Aug-03-STEM.N-139926574877-transcript.txt,"John E. Carrington,  Stem, Inc. - CEO & Director    [3]", CEO & Director,"Earlier this year, our software developers started integrating generative AI tools into their workflow. And as a result, our developers have seen up to a 50% improvement in their coding productivity. Today, we're rolling out this approach across our dev teams and evaluating additional applications for these powerful tools to accelerate our product roadmap. Looking forward, Stem engineers are building a pilot Athena chatbot that leverages our extensive knowledge base to offer asset operators powerful and flexible prompt-based tools that enable improved asset performance as well as an early, efficient identification of operational incidents. These tools will enable operators to accelerate root cause analysis, initiate corrective actions and optimize performance.",0,0,1,0,0,0,0,0
161990,161990,2024-May-02-APPN.OQ-138187481763-transcript.txt,"Matthew Calkins,  Appian Corp - Chairman of the Board, President, Chief Executive Officer, Founder    [35]"," Chairman of the Board, President, Chief Executive Officer, Founder","And that's the real hurdle because understanding the business means exposure to the data that the business owns the crown jewels of the business and there's privacy concerns as regulatory concerns. There's a lot of fear in that system with that for us to get serious as a civilization about AI we're going to have to figure out how to make a I about you in this case, you being the business.",0,0,0,0,0,0,0,1
60624,60624,2019-Apr-25-PRO.N-139078535515-transcript.txt,"Andres D. Reiner,  PROS Holdings, Inc. - CEO, President & Director    [3]"," CEO, President & Director","While cognitive AI is useful, our AI goes way beyond this. The core of our platform is business AI. Business AI applies machine learning algorithms to massive amounts of data, prescribes business actions and continuously learns so that it can improve business outcomes. Our business AI has deep domain expertise in sales and pricing to identify buying patterns and prescribe personalized sales experiences for each customer. Companies use our AI to power their digital selling so they can run their sales autonomously and react to the market in real time with our AI self-learning capabilities. We differentiate based on the proven ROI that our AI drives for our customers. ",0,0,1,0,0,0,0,0
141021,141021,2023-Nov-14-MOND.OQ-141064229502-transcript.txt,"Orestes Fintiklis,  Mondee Holdings, Inc. - Executive Vice Chairman    [35]", Executive Vice Chairman,"I'll take the first and then Prasad will add. So the first part is that we have been already training the models for a long period of time, and they are included in our CapEx. Now a big part of that training is automatic because we have already linked our AI. So the bigger part of the cost is developing and integrating it with the operations. And then over time, it's a declining cost to the actual training. And again, here, we're benefiting from 2 dynamics. First, we have a lot of data, 50 million searches are done on our platform every day, which are basically integrated to the AI that keeps learning. And then on top of that, we are training effectively the AI through connecting it with 65,000 experts. So this is a more of a direct connectivity in the sense that a consumer is likely to give less feedback and interaction with the platform than an expert by definition, has a 2-way exchange of information with the provider of the service. So that's on your first question.",0,0,1,0,0,0,0,0
142793,142793,2023-Oct-26-EXLS.OQ-137171463576-transcript.txt,"Rohit Kapoor,  ExlService Holdings, Inc. - Co-Founder, Vice Chairman & CEO    [25]"," Co-Founder, Vice Chairman & CEO","Sure. The Data Analytics business for us is a business where 2/3 of the business is annuity-based. So that means we have multiyear contracts associated with it. And we have ongoing support and work that we do for clients, manage their existing analytical operations. 1/3 of the work that we do is project-based and discretionary, and that's the part that is volatile and that kind of moves around quarter-to-quarter. But keep in mind, with the trends that we are seeing around generative AI, the need for that project-based spend has increased.",0,0,0,1,0,0,0,0
120543,120543,2023-Aug-02-QCOM.OQ-138473411933-transcript.txt,"Cristiano Renno Amon,  QUALCOMM Incorporated - President and Chief Executive Officer    [3]", President and Chief Executive Officer,"Before I turn the call over to Akash, I would like to provide an update on how we are managing our business in the current macroeconomic environment. We remain focused on executing our strategy and prioritizing capital and resource allocation on our future growth and diversification opportunities. Simultaneously, we are focused on long-term operating margin targets, all while maintaining technology leadership across wireless connectivity, high-performance, low-power processing and artificial intelligence.",0,0,1,0,0,0,0,0
122489,122489,2023-Aug-08-J.N-137661428906-transcript.txt,"Robert V. Pragada,  Jacobs Solutions Inc. - President, COO, CEO & Director    [3]"," President, COO, CEO & Director","PA is also seeing significant interest in its digital expertise from clients who are looking to assess AI-related impacts and opportunities for their businesses. As an example, a leading cybersecurity client hired PA to support the development of a comprehensive strategic plan with specific focus on understanding the power of AI and mitigating cyber threats.",0,0,0,1,0,0,0,0
162893,162893,2024-May-06-TDC.N-140262803819-transcript.txt,"Stephen McMillan,  Teradata Corporation - President, CEO & Director    [3]"," President, CEO & Director","We're also pleased that Teradata was named Tech Partner of the Year by FICO, recognizing that our joint customers can quickly operationalize analytic models, including for AI. FICO also noted our jointly designed banking fraud solution that focuses on real-time payments to help stop the rise in payment fraud.",0,0,0,1,0,0,0,0
158122,158122,2024-Jul-30-INFA.N-138866196904-transcript.txt,"Amit Walia,  Informatica Inc - Chief Executive Officer, Director    [3]"," Chief Executive Officer, Director","Second, we continue to deliver the best data management products on the industryâ€™s only AI-powered platform. After a 12-month extensive private preview, we launched CLAIRE GPT, our generative AI chat interface, on the IDMC platform. Informatica is now the industry's only cloud data management platform with AI and Generative AI capabilities for modern enterprises, and it is the Switzerland of Data and AI.",0,0,1,0,0,0,0,0
102118,102118,2021-Oct-28-PATK.OQ-139493242966-transcript.txt,"Andy L. Nemeth,  Patrick Industries, Inc. - CEO & Director    [3]", CEO & Director,"This includes AI and machine learning and cloud-based solutions, which transform low-resolution decision-making and data silos into high-resolution, collaborative solutions and deliverables. Our people and our critical emphasis on human capital and what it means today for our future success remains a focal point in how we do business. ",1,0,0,0,1,0,0,0
153368,153368,2024-Feb-20-PANW.OQ-137404802066-transcript.txt,"Nikesh Arora,  Palo Alto Networks, Inc. - Chairman & CEO    [2]", Chairman & CEO,"Our co-pilots are an alpha and are in the hands of leading customers who are giving us feedback before we move to general availability. Looking forward, we have aggressive plans to roll out additional AI-based offerings by the end of this fiscal year. We have plans to offer 3 new product offerings, 1 to address each of the stance I talked about. ",0,0,1,0,0,0,0,0
118860,118860,2023-Apr-25-MSFT.OQ-139717566700-transcript.txt,"Satya Nadella,  Microsoft Corporation - Chairman & CEO    [3]", Chairman & CEO,"In closing, we are focused on continuing to raise the bar on our operational excellence and performance as we innovate to help our customers maximize the value of their existing technology investments and thrive in the new era of AI. In a few weeks' time, we'll hold our Build conference, where we will share how we are building the most powerful AI platform for developers and I encourage you to tune in. I could not be more energized about the opportunities ahead. And with that, let me turn it over to Amy.",0,0,1,1,0,0,0,0
164035,164035,2024-May-08-KD.N-139106198065-transcript.txt,"Martin J. Schroeter,  Kyndryl Holdings, Inc. - Chairman & CEO    [3]", Chairman & CEO,"As we've mentioned, Kyndryl is an AI beneficiary and an AI enabler. As the largest IT infrastructure services provider in the world, we have more tech stack operating data than anyone, and we're using machine learning with this data to give our customers and Kyndryl a data-driven advantage in designing and managing systems. We're using AI in Kyndryl Bridge to identify application performance patterns, produce actionable insights, reduce required maintenance and prevent incidents from occurring. Bridge can operate as a self-healing architecture and is now producing 3 million actionable insights a month and is helping customers achieve nearly $2 billion of annual savings by avoiding maintenance and incident costs. In short, AI is powering Kyndryl Bridge and accelerating our advanced delivery initiative. At the same time, we're seeing revenue growth opportunities associated with both AI and Gen AI.  ",0,1,1,0,0,0,0,0
42607,42607,2017-May-09-FUEL.O^I17-139195511425-transcript.txt,"Emmett Randolph Wootton,  Rocket Fuel Inc. - CEO and Director    [5]", CEO and Director,"We continue to invest in supporting our channel partners, which are primarily holding company and independent agencies, but also include system integrators and marketing services firms. A robust partner channel enables us to create more demand at overall lower cost of sales. Our investments are starting to bear fruit. For example, we saw a significant holding company grow spend, more than doubling year-over-year in Q1, as agencies are discovering the combination of ease of use, AI-driven performance and added value insights and reporting are helping them win and retain their clients. ",0,0,0,1,0,0,0,0
164365,164365,2024-May-09-AVPT.OQ-139606986136-transcript.txt,"Tianyi Jiang,  AvePoint Inc - Chief Executive Officer, Director    [3]"," Chief Executive Officer, Director","We're proud to be first to market with this offering to support Copilot, which enables companies to identify areas of high collaboration to better prepare for Copilot readiness. This is just the latest of our AI readiness solutions for organizations to prepare, secure and optimize data, which collectively will enable them to fully take advantage of AI in the workplace.",0,0,0,1,0,0,0,0
164350,164350,2024-May-09-AVPT.OQ-139606986136-transcript.txt,"Tianyi Jiang,  AvePoint Inc - Chief Executive Officer, Director    [3]"," Chief Executive Officer, Director","At this dynamic, I would like to discuss today with two areas of focus. First, the challenges and obstacles organizations face in adopting AI, primarily due to data security issues that prevent a comprehensive strategy to manage our data estate.",0,0,0,0,1,0,0,0
,,2024-Feb-01-AAPL.OQ-139920838259-transcript.txt,,,"And so we'll see and report the results of it in the Wearables category that you're familiar with. I think that if you look at it from a price point of view, there's an incredible amount of technology that's packed into the product. There's 5,000 patents in the product. And it's, of course, built on many innovations that Apple has spent multiple years on, from silicon to displays and significant AI and machine learning, all the hand tracking, the room mapping, all of this stuff is driven by AI. And so we're incredibly excited about it. I can't wait to be in the store for tomorrow and see the reaction myself.",0,0,0,0,0,1,0,0
,,2023-Nov-01-ABNB.OQ-140725058637-transcript.txt,,,"Before the Internet, there were travel agents, and they actually used to learn about you. And then travel got unbundled, it became self-service and it became all about price. But we do think that there's a way that travel could change and AI could lead the way with that. So these are some of the things we're thinking about, and I think it's really, really exciting. And we're just at the beginning of this.",0,1,0,0,0,1,0,0
,,2018-May-24-ADSK.OQ-140308526644-transcript.txt,,,"Well, Richard, that is definitely not a boring question. So look, I don't want to dilute the power of the answer here, but almost all of the above are true in some respects. So for instance, some of what you're seeing with our Fusion Ultimate rollout of the generative capability is it's included in the Ultimate subscription, but buried inside the Ultimate subscription is an allocation of consumption that's built into the subscription. So there's an amount of consumption that is available to the user. Once that consumption is burned down, if like, for instance, if they were a massive generative user and they just kept generating designs over and over again, they're going to have to reload that consumption outside of their normal subscription. That kind of blending that you saw in Fusion Ultimate, that's the way you're going to see some of these things roll out into the business. There will be some level access to generative capabilities, because remember, this is an AI-driven, supercomputing-type application delivered to the customer because we can do it with the low price of compute from the cloud. So we're going to blend some of it in. So it will be accretive in subscriptions in terms of the fact that it just redefines us in the market and it makes us more competitive. And you can see we're already seeing some impacts of that, the positive impact. And then you'll see also people will be buying more consumption in the future as they buy more outcomes from the generative results. So it's kind of all 3, but I hope that gives you a little bit more color on why it's sort of all 3. Hopefully, that would help.",0,0,0,0,0,1,0,0
,,2024-Mar-25-BZFD.OQ-139119307582-transcript.txt,,,"Programmatic is more about attention. Classically advertising is about selling the audience's attention and programmatic is the most tech. It enables most scalable, highest margin way of selling attention. And we have more time spent than anyone in our competitive set. So we have a lot of attention that we can monetize through through programmatic and I think when I mentioned earlier, how programmatic can be enhanced by more data, I am and particularly data around contextual alignment of advertisements, and that's something that we can do with advances and advances in AI where we actually have machines that can understand our content at hand is almost hands Select, but at a massive scale, how advertising should be placed to maximize architectural alignment and conversions and things like that. Overall AI. and also will help us get more audience to the site and spend more time on the site. And we've seen that AI. content drive more time spent than other forms of content because it's more alive, more personalized, more interactive. And as we continue to push the envelope on that kind of work and there will be people spending even more time on our site. And we expect and that will drive more opportunity for programmatic monetization to monetize that time. And attention that people are spending. And so there's some a lot of excitement about sort of focusing on the next stage of the Internet and how to build a really strong scalable business in commerce and advertising for the next stage of the Internet. And I think that cookies kind of represent an earlier stage of the Internet sort of the pre AI. stage stage where a lot of the targeting and retargeting that with cookies has been, you know, you visit a retailer site and then they add for that product policy around the web everywhere you go in and that kind of very dumb basic form of retargeting and that was very effective is going to be harder and harder to do as cookies get depreciated. But more interesting, more sophisticated forms of targeting that are based on IAI. based on contextual alignment are going to start to replace that. And I think you I've already seen. As you know, Apple search has changed there and the ability of search for targeting within apps you're already seeing that companies have been able to adapt and evolve. I'm using new technologies that can perform as well as although differently than some of the older targeting.",0,0,0,0,0,0,1,0
,,2024-Feb-05-CHGG.N-137143333563-transcript.txt,,,"And because of AI going from a potential headwind to a tailwind we think we'll be going to that sooner and than we otherwise would have because of our ability to have more questions ask have them index drive more customers plus promotional pricing so what in the next few quarters, we think we'll be more able to articulate when we think that happens.",0,0,0,0,0,1,1,0
,,2024-Feb-05-CHGG.N-137143333563-transcript.txt,,,"As an example, the cost to answer new questions using our own AI models is already more than 75% less expensive, and we believe it will continue to decline over time. This means we'll be able to serve more students at a lower cost per student faster and in more subjects and languages, we are confident in the value of our new product. And because of that confidence and to be more competitive, we began testing promotional pricing in international markets in the middle of last year.",0,0,0,0,0,1,1,0